Year,State,Description,Units,type,Chemical Name,Value,Carcinogen,Hormone Disruptor,Neurotoxins,Developmental or Reproductive Toxins,Bee Toxins,Human Toxins
2019,CALIFORNIA, MEASURED IN LB,NA, FUNGICIDE,AZOXYSTROBIN,"5,500",NA,NA,NA,NA,NA,NA
2019,CALIFORNIA, MEASURED IN LB,NA, FUNGICIDE,BOSCALID,"6,200",POSSIBLE,POSSIBLE,NA,NA,NA,SLIGHT
2019,CALIFORNIA, MEASURED IN LB,NA, FUNGICIDE,CAPTAN,"283,500",KNOWN,KNOWN,NA,NA,NA,HIGH
2019,CALIFORNIA, MEASURED IN LB,NA, FUNGICIDE,CYPRODINIL,"16,600",NA,NA,NA,NA,NA,NA
2019,CALIFORNIA, MEASURED IN LB,NA, FUNGICIDE,FENHEXAMID,"15,000",NA,NA,NA,NA,NA,NA
2019,CALIFORNIA, MEASURED IN LB,NA, FUNGICIDE,FLUDIOXONIL,"11,100",NA,NA,NA,NA,SLIGHT,NA
2019,CALIFORNIA, MEASURED IN LB,NA, FUNGICIDE,MYCLOBUTANIL,"5,600",NA,NA,NA,PRESENT,NA,HIGH
2019,CALIFORNIA, MEASURED IN LB,NA, FUNGICIDE,PROPICONAZOLE,"1,600",POSSIBLE,POSSIBLE,NA,PRESENT,SLIGHT,HIGH
2019,CALIFORNIA, MEASURED IN LB,NA, FUNGICIDE,PYRACLOSTROBIN,"7,400",NA,NA,NA,NA,SLIGHT,NA
2019,CALIFORNIA, MEASURED IN LB,NA, FUNGICIDE,PYRIMETHANIL,"9,300",POSSIBLE,POSSIBLE,NA,NA,SLIGHT,MODERATE
2019,CALIFORNIA, MEASURED IN LB,NA, FUNGICIDE,TRIFLOXYSTROBIN,"4,200",NA,NA,NA,NA,NA,NA
2019,CALIFORNIA, MEASURED IN LB,NA, FUNGICIDE,TRIFLUMIZOLE,"7,200",NA,NA,NA,NA,SLIGHT,NA
2019,CALIFORNIA, MEASURED IN LB,NA, INSECTICIDE,ACETAMIPRID,"2,800",NA,NA,NA,NA,MODERATE,NA
2019,CALIFORNIA, MEASURED IN LB,NA, INSECTICIDE,BIFENAZATE,"17,900",NA,NA,NA,NA,MODERATE,NA
2019,CALIFORNIA, MEASURED IN LB,NA, INSECTICIDE,BIFENTHRIN,"7,300",POSSIBLE,POSSIBLE,NA,PRESENT,HIGH,HIGH
2019,CALIFORNIA, MEASURED IN LB,NA, INSECTICIDE,CARBARYL,(D),KNOWN,KNOWN,PRESENT,PRESENT,HIGH,HIGH
2019,CALIFORNIA, MEASURED IN LB,NA, INSECTICIDE,CHLORPYRIFOS,(D),NA,NA,PRESENT,NA,HIGH,HIGH
2019,CALIFORNIA, MEASURED IN LB,NA, INSECTICIDE,FENPROPATHRIN,"6,000",NA,NA,NA,NA,NA,NA
2019,CALIFORNIA, MEASURED IN LB,NA, INSECTICIDE,HEXYTHIAZOX,"2,300",PROBABLE,PROBABLE,NA,NA,NA,SLIGHT
2019,CALIFORNIA, MEASURED IN LB,NA, INSECTICIDE,IMIDACLOPRID,"3,500",NA,NA,NA,NA,HIGH,NA
2019,CALIFORNIA, MEASURED IN LB,NA, INSECTICIDE,MALATHION,"56,700",POSSIBLE,POSSIBLE,PRESENT,NA,HIGH,HIGH
2019,CALIFORNIA, MEASURED IN LB,NA, INSECTICIDE,METHOXYFENOZIDE,"3,300",NA,NA,NA,NA,SLIGHT,NA
2019,CALIFORNIA, MEASURED IN LB,NA, INSECTICIDE,PIPERONYL BUTOXIDE,"1,200",POSSIBLE,POSSIBLE,NA,NA,MODERATE,MODERATE
2019,CALIFORNIA, MEASURED IN LB,NA, INSECTICIDE,PYRIPROXYFEN,100,NA,NA,NA,NA,SLIGHT,NA
2019,CALIFORNIA, MEASURED IN LB,NA, INSECTICIDE,SPIROMESIFEN,"1,800",NA,NA,NA,NA,NA,NA
2019,CALIFORNIA, MEASURED IN LB,NA, INSECTICIDE,THIAMETHOXAM,"1,400",NA,NA,NA,NA,HIGH,NA
2019,CALIFORNIA, MEASURED IN LB / ACRE / APPLICATION, AVG, FUNGICIDE,AZOXYSTROBIN,0.205,NA,NA,NA,NA,NA,NA
2019,CALIFORNIA, MEASURED IN LB / ACRE / APPLICATION, AVG, FUNGICIDE,BOSCALID,0.337,POSSIBLE,POSSIBLE,NA,NA,NA,SLIGHT
2019,CALIFORNIA, MEASURED IN LB / ACRE / APPLICATION, AVG, FUNGICIDE,CAPTAN,1.739,KNOWN,KNOWN,NA,NA,NA,HIGH
2019,CALIFORNIA, MEASURED IN LB / ACRE / APPLICATION, AVG, FUNGICIDE,CYPRODINIL,0.32,NA,NA,NA,NA,NA,NA
2019,CALIFORNIA, MEASURED IN LB / ACRE / APPLICATION, AVG, FUNGICIDE,FENHEXAMID,0.623,NA,NA,NA,NA,NA,NA
2019,CALIFORNIA, MEASURED IN LB / ACRE / APPLICATION, AVG, FUNGICIDE,FLUDIOXONIL,0.213,NA,NA,NA,NA,SLIGHT,NA
2019,CALIFORNIA, MEASURED IN LB / ACRE / APPLICATION, AVG, FUNGICIDE,MYCLOBUTANIL,0.106,NA,NA,NA,PRESENT,NA,HIGH
2019,CALIFORNIA, MEASURED IN LB / ACRE / APPLICATION, AVG, FUNGICIDE,PROPICONAZOLE,0.112,POSSIBLE,POSSIBLE,NA,PRESENT,SLIGHT,HIGH
2019,CALIFORNIA, MEASURED IN LB / ACRE / APPLICATION, AVG, FUNGICIDE,PYRACLOSTROBIN,0.169,NA,NA,NA,NA,SLIGHT,NA
2019,CALIFORNIA, MEASURED IN LB / ACRE / APPLICATION, AVG, FUNGICIDE,PYRIMETHANIL,0.51,POSSIBLE,POSSIBLE,NA,NA,SLIGHT,MODERATE
2019,CALIFORNIA, MEASURED IN LB / ACRE / APPLICATION, AVG, FUNGICIDE,TRIFLOXYSTROBIN,0.113,NA,NA,NA,NA,NA,NA
2019,CALIFORNIA, MEASURED IN LB / ACRE / APPLICATION, AVG, FUNGICIDE,TRIFLUMIZOLE,0.23,NA,NA,NA,NA,SLIGHT,NA
2019,CALIFORNIA, MEASURED IN LB / ACRE / APPLICATION, AVG, INSECTICIDE,ACETAMIPRID,0.126,NA,NA,NA,NA,MODERATE,NA
2019,CALIFORNIA, MEASURED IN LB / ACRE / APPLICATION, AVG, INSECTICIDE,BIFENAZATE,0.496,NA,NA,NA,NA,MODERATE,NA
2019,CALIFORNIA, MEASURED IN LB / ACRE / APPLICATION, AVG, INSECTICIDE,BIFENTHRIN,0.109,POSSIBLE,POSSIBLE,NA,PRESENT,HIGH,HIGH
2019,CALIFORNIA, MEASURED IN LB / ACRE / APPLICATION, AVG, INSECTICIDE,CARBARYL,(D),KNOWN,KNOWN,PRESENT,PRESENT,HIGH,HIGH
2019,CALIFORNIA, MEASURED IN LB / ACRE / APPLICATION, AVG, INSECTICIDE,CHLORPYRIFOS,(D),NA,NA,PRESENT,NA,HIGH,HIGH
2019,CALIFORNIA, MEASURED IN LB / ACRE / APPLICATION, AVG, INSECTICIDE,FENPROPATHRIN,0.286,NA,NA,NA,NA,NA,NA
2019,CALIFORNIA, MEASURED IN LB / ACRE / APPLICATION, AVG, INSECTICIDE,HEXYTHIAZOX,0.177,PROBABLE,PROBABLE,NA,NA,NA,SLIGHT
2019,CALIFORNIA, MEASURED IN LB / ACRE / APPLICATION, AVG, INSECTICIDE,IMIDACLOPRID,0.515,NA,NA,NA,NA,HIGH,NA
2019,CALIFORNIA, MEASURED IN LB / ACRE / APPLICATION, AVG, INSECTICIDE,MALATHION,1.991,POSSIBLE,POSSIBLE,PRESENT,NA,HIGH,HIGH
2019,CALIFORNIA, MEASURED IN LB / ACRE / APPLICATION, AVG, INSECTICIDE,METHOXYFENOZIDE,0.174,NA,NA,NA,NA,SLIGHT,NA
2019,CALIFORNIA, MEASURED IN LB / ACRE / APPLICATION, AVG, INSECTICIDE,PIPERONYL BUTOXIDE,0.478,POSSIBLE,POSSIBLE,NA,NA,MODERATE,MODERATE
2019,CALIFORNIA, MEASURED IN LB / ACRE / APPLICATION, AVG, INSECTICIDE,PYRIPROXYFEN,0.067,NA,NA,NA,NA,SLIGHT,NA
2019,CALIFORNIA, MEASURED IN LB / ACRE / APPLICATION, AVG, INSECTICIDE,SPIROMESIFEN,0.243,NA,NA,NA,NA,NA,NA
2019,CALIFORNIA, MEASURED IN LB / ACRE / APPLICATION, AVG, INSECTICIDE,THIAMETHOXAM,0.062,NA,NA,NA,NA,HIGH,NA
2019,CALIFORNIA, MEASURED IN LB / ACRE / YEAR, AVG, FUNGICIDE,AZOXYSTROBIN,0.447,NA,NA,NA,NA,NA,NA
2019,CALIFORNIA, MEASURED IN LB / ACRE / YEAR, AVG, FUNGICIDE,BOSCALID,0.508,POSSIBLE,POSSIBLE,NA,NA,NA,SLIGHT
2019,CALIFORNIA, MEASURED IN LB / ACRE / YEAR, AVG, FUNGICIDE,CAPTAN,10.456,KNOWN,KNOWN,NA,NA,NA,HIGH
2019,CALIFORNIA, MEASURED IN LB / ACRE / YEAR, AVG, FUNGICIDE,CYPRODINIL,0.765,NA,NA,NA,NA,NA,NA
2019,CALIFORNIA, MEASURED IN LB / ACRE / YEAR, AVG, FUNGICIDE,FENHEXAMID,1.163,NA,NA,NA,NA,NA,NA
2019,CALIFORNIA, MEASURED IN LB / ACRE / YEAR, AVG, FUNGICIDE,FLUDIOXONIL,0.51,NA,NA,NA,NA,SLIGHT,NA
2019,CALIFORNIA, MEASURED IN LB / ACRE / YEAR, AVG, FUNGICIDE,MYCLOBUTANIL,0.281,NA,NA,NA,PRESENT,NA,HIGH
2019,CALIFORNIA, MEASURED IN LB / ACRE / YEAR, AVG, FUNGICIDE,PROPICONAZOLE,0.174,POSSIBLE,POSSIBLE,NA,PRESENT,SLIGHT,HIGH
2019,CALIFORNIA, MEASURED IN LB / ACRE / YEAR, AVG, FUNGICIDE,PYRACLOSTROBIN,0.317,NA,NA,NA,NA,SLIGHT,NA
2019,CALIFORNIA, MEASURED IN LB / ACRE / YEAR, AVG, FUNGICIDE,PYRIMETHANIL,0.883,POSSIBLE,POSSIBLE,NA,NA,SLIGHT,MODERATE
2019,CALIFORNIA, MEASURED IN LB / ACRE / YEAR, AVG, FUNGICIDE,TRIFLOXYSTROBIN,0.235,NA,NA,NA,NA,NA,NA
2019,CALIFORNIA, MEASURED IN LB / ACRE / YEAR, AVG, FUNGICIDE,TRIFLUMIZOLE,0.55,NA,NA,NA,NA,SLIGHT,NA
2019,CALIFORNIA, MEASURED IN LB / ACRE / YEAR, AVG, INSECTICIDE,ACETAMIPRID,0.182,NA,NA,NA,NA,MODERATE,NA
2019,CALIFORNIA, MEASURED IN LB / ACRE / YEAR, AVG, INSECTICIDE,BIFENAZATE,0.978,NA,NA,NA,NA,MODERATE,NA
2019,CALIFORNIA, MEASURED IN LB / ACRE / YEAR, AVG, INSECTICIDE,BIFENTHRIN,0.346,POSSIBLE,POSSIBLE,NA,PRESENT,HIGH,HIGH
2019,CALIFORNIA, MEASURED IN LB / ACRE / YEAR, AVG, INSECTICIDE,CARBARYL,(D),KNOWN,KNOWN,PRESENT,PRESENT,HIGH,HIGH
2019,CALIFORNIA, MEASURED IN LB / ACRE / YEAR, AVG, INSECTICIDE,CHLORPYRIFOS,(D),NA,NA,PRESENT,NA,HIGH,HIGH
2019,CALIFORNIA, MEASURED IN LB / ACRE / YEAR, AVG, INSECTICIDE,FENPROPATHRIN,0.531,NA,NA,NA,NA,NA,NA
2019,CALIFORNIA, MEASURED IN LB / ACRE / YEAR, AVG, INSECTICIDE,HEXYTHIAZOX,0.269,PROBABLE,PROBABLE,NA,NA,NA,SLIGHT
2019,CALIFORNIA, MEASURED IN LB / ACRE / YEAR, AVG, INSECTICIDE,IMIDACLOPRID,0.793,NA,NA,NA,NA,HIGH,NA
2019,CALIFORNIA, MEASURED IN LB / ACRE / YEAR, AVG, INSECTICIDE,MALATHION,5.571,POSSIBLE,POSSIBLE,PRESENT,NA,HIGH,HIGH
2019,CALIFORNIA, MEASURED IN LB / ACRE / YEAR, AVG, INSECTICIDE,METHOXYFENOZIDE,0.245,NA,NA,NA,NA,SLIGHT,NA
2019,CALIFORNIA, MEASURED IN LB / ACRE / YEAR, AVG, INSECTICIDE,PIPERONYL BUTOXIDE,0.884,POSSIBLE,POSSIBLE,NA,NA,MODERATE,MODERATE
2019,CALIFORNIA, MEASURED IN LB / ACRE / YEAR, AVG, INSECTICIDE,PYRIPROXYFEN,0.074,NA,NA,NA,NA,SLIGHT,NA
2019,CALIFORNIA, MEASURED IN LB / ACRE / YEAR, AVG, INSECTICIDE,SPIROMESIFEN,0.307,NA,NA,NA,NA,NA,NA
2019,CALIFORNIA, MEASURED IN LB / ACRE / YEAR, AVG, INSECTICIDE,THIAMETHOXAM,0.164,NA,NA,NA,NA,HIGH,NA
2019,CALIFORNIA, MEASURED IN NUMBER, AVG, FUNGICIDE,AZOXYSTROBIN,2.2,NA,NA,NA,NA,NA,NA
2019,CALIFORNIA, MEASURED IN NUMBER, AVG, FUNGICIDE,BOSCALID,1.5,POSSIBLE,POSSIBLE,NA,NA,NA,SLIGHT
2019,CALIFORNIA, MEASURED IN NUMBER, AVG, FUNGICIDE,CAPTAN,6,KNOWN,KNOWN,NA,NA,NA,HIGH
2019,CALIFORNIA, MEASURED IN NUMBER, AVG, FUNGICIDE,CYPRODINIL,2.4,NA,NA,NA,NA,NA,NA
2019,CALIFORNIA, MEASURED IN NUMBER, AVG, FUNGICIDE,FENHEXAMID,1.9,NA,NA,NA,NA,NA,NA
2019,CALIFORNIA, MEASURED IN NUMBER, AVG, FUNGICIDE,FLUDIOXONIL,2.4,NA,NA,NA,NA,SLIGHT,NA
2019,CALIFORNIA, MEASURED IN NUMBER, AVG, FUNGICIDE,MYCLOBUTANIL,2.6,NA,NA,NA,PRESENT,NA,HIGH
2019,CALIFORNIA, MEASURED IN NUMBER, AVG, FUNGICIDE,PROPICONAZOLE,1.6,POSSIBLE,POSSIBLE,NA,PRESENT,SLIGHT,HIGH
2019,CALIFORNIA, MEASURED IN NUMBER, AVG, FUNGICIDE,PYRACLOSTROBIN,1.9,NA,NA,NA,NA,SLIGHT,NA
2019,CALIFORNIA, MEASURED IN NUMBER, AVG, FUNGICIDE,PYRIMETHANIL,1.7,POSSIBLE,POSSIBLE,NA,NA,SLIGHT,MODERATE
2019,CALIFORNIA, MEASURED IN NUMBER, AVG, FUNGICIDE,TRIFLOXYSTROBIN,2.1,NA,NA,NA,NA,NA,NA
2019,CALIFORNIA, MEASURED IN NUMBER, AVG, FUNGICIDE,TRIFLUMIZOLE,2.4,NA,NA,NA,NA,SLIGHT,NA
2019,CALIFORNIA, MEASURED IN NUMBER, AVG, INSECTICIDE,ACETAMIPRID,1.4,NA,NA,NA,NA,MODERATE,NA
2019,CALIFORNIA, MEASURED IN NUMBER, AVG, INSECTICIDE,BIFENAZATE,2,NA,NA,NA,NA,MODERATE,NA
2019,CALIFORNIA, MEASURED IN NUMBER, AVG, INSECTICIDE,BIFENTHRIN,3.2,POSSIBLE,POSSIBLE,NA,PRESENT,HIGH,HIGH
2019,CALIFORNIA, MEASURED IN NUMBER, AVG, INSECTICIDE,CARBARYL,(D),KNOWN,KNOWN,PRESENT,PRESENT,HIGH,HIGH
2019,CALIFORNIA, MEASURED IN NUMBER, AVG, INSECTICIDE,CHLORPYRIFOS,(D),NA,NA,PRESENT,NA,HIGH,HIGH
2019,CALIFORNIA, MEASURED IN NUMBER, AVG, INSECTICIDE,FENPROPATHRIN,1.9,NA,NA,NA,NA,NA,NA
2019,CALIFORNIA, MEASURED IN NUMBER, AVG, INSECTICIDE,HEXYTHIAZOX,1.5,PROBABLE,PROBABLE,NA,NA,NA,SLIGHT
2019,CALIFORNIA, MEASURED IN NUMBER, AVG, INSECTICIDE,IMIDACLOPRID,1.5,NA,NA,NA,NA,HIGH,NA
2019,CALIFORNIA, MEASURED IN NUMBER, AVG, INSECTICIDE,MALATHION,2.8,POSSIBLE,POSSIBLE,PRESENT,NA,HIGH,HIGH
2019,CALIFORNIA, MEASURED IN NUMBER, AVG, INSECTICIDE,METHOXYFENOZIDE,1.4,NA,NA,NA,NA,SLIGHT,NA
2019,CALIFORNIA, MEASURED IN NUMBER, AVG, INSECTICIDE,PIPERONYL BUTOXIDE,1.8,POSSIBLE,POSSIBLE,NA,NA,MODERATE,MODERATE
2019,CALIFORNIA, MEASURED IN NUMBER, AVG, INSECTICIDE,PYRIPROXYFEN,1.1,NA,NA,NA,NA,SLIGHT,NA
2019,CALIFORNIA, MEASURED IN NUMBER, AVG, INSECTICIDE,SPIROMESIFEN,1.3,NA,NA,NA,NA,NA,NA
2019,CALIFORNIA, MEASURED IN NUMBER, AVG, INSECTICIDE,THIAMETHOXAM,2.7,NA,NA,NA,NA,HIGH,NA
2019,CALIFORNIA, MEASURED IN PCT OF AREA BEARING, AVG, FUNGICIDE,AZOXYSTROBIN,34,NA,NA,NA,NA,NA,NA
2019,CALIFORNIA, MEASURED IN PCT OF AREA BEARING, AVG, FUNGICIDE,BOSCALID,34,POSSIBLE,POSSIBLE,NA,NA,NA,SLIGHT
2019,CALIFORNIA, MEASURED IN PCT OF AREA BEARING, AVG, FUNGICIDE,CAPTAN,76,KNOWN,KNOWN,NA,NA,NA,HIGH
2019,CALIFORNIA, MEASURED IN PCT OF AREA BEARING, AVG, FUNGICIDE,CYPRODINIL,61,NA,NA,NA,NA,NA,NA
2019,CALIFORNIA, MEASURED IN PCT OF AREA BEARING, AVG, FUNGICIDE,FENHEXAMID,36,NA,NA,NA,NA,NA,NA
2019,CALIFORNIA, MEASURED IN PCT OF AREA BEARING, AVG, FUNGICIDE,FLUDIOXONIL,61,NA,NA,NA,NA,SLIGHT,NA
2019,CALIFORNIA, MEASURED IN PCT OF AREA BEARING, AVG, FUNGICIDE,MYCLOBUTANIL,56,NA,NA,NA,PRESENT,NA,HIGH
2019,CALIFORNIA, MEASURED IN PCT OF AREA BEARING, AVG, FUNGICIDE,PROPICONAZOLE,25,POSSIBLE,POSSIBLE,NA,PRESENT,SLIGHT,HIGH
2019,CALIFORNIA, MEASURED IN PCT OF AREA BEARING, AVG, FUNGICIDE,PYRACLOSTROBIN,65,NA,NA,NA,NA,SLIGHT,NA
2019,CALIFORNIA, MEASURED IN PCT OF AREA BEARING, AVG, FUNGICIDE,PYRIMETHANIL,29,POSSIBLE,POSSIBLE,NA,NA,SLIGHT,MODERATE
2019,CALIFORNIA, MEASURED IN PCT OF AREA BEARING, AVG, FUNGICIDE,TRIFLOXYSTROBIN,50,NA,NA,NA,NA,NA,NA
2019,CALIFORNIA, MEASURED IN PCT OF AREA BEARING, AVG, FUNGICIDE,TRIFLUMIZOLE,37,NA,NA,NA,NA,SLIGHT,NA
2019,CALIFORNIA, MEASURED IN PCT OF AREA BEARING, AVG, INSECTICIDE,ACETAMIPRID,42,NA,NA,NA,NA,MODERATE,NA
2019,CALIFORNIA, MEASURED IN PCT OF AREA BEARING, AVG, INSECTICIDE,BIFENAZATE,51,NA,NA,NA,NA,MODERATE,NA
2019,CALIFORNIA, MEASURED IN PCT OF AREA BEARING, AVG, INSECTICIDE,BIFENTHRIN,58,POSSIBLE,POSSIBLE,NA,PRESENT,HIGH,HIGH
2019,CALIFORNIA, MEASURED IN PCT OF AREA BEARING, AVG, INSECTICIDE,CARBARYL,(D),KNOWN,KNOWN,PRESENT,PRESENT,HIGH,HIGH
2019,CALIFORNIA, MEASURED IN PCT OF AREA BEARING, AVG, INSECTICIDE,CHLORPYRIFOS,(D),NA,NA,PRESENT,NA,HIGH,HIGH
2019,CALIFORNIA, MEASURED IN PCT OF AREA BEARING, AVG, INSECTICIDE,FENPROPATHRIN,31,NA,NA,NA,NA,NA,NA
2019,CALIFORNIA, MEASURED IN PCT OF AREA BEARING, AVG, INSECTICIDE,HEXYTHIAZOX,24,PROBABLE,PROBABLE,NA,NA,NA,SLIGHT
2019,CALIFORNIA, MEASURED IN PCT OF AREA BEARING, AVG, INSECTICIDE,IMIDACLOPRID,12,NA,NA,NA,NA,HIGH,NA
2019,CALIFORNIA, MEASURED IN PCT OF AREA BEARING, AVG, INSECTICIDE,MALATHION,28,POSSIBLE,POSSIBLE,PRESENT,NA,HIGH,HIGH
2019,CALIFORNIA, MEASURED IN PCT OF AREA BEARING, AVG, INSECTICIDE,METHOXYFENOZIDE,37,NA,NA,NA,NA,SLIGHT,NA
2019,CALIFORNIA, MEASURED IN PCT OF AREA BEARING, AVG, INSECTICIDE,PIPERONYL BUTOXIDE,4,POSSIBLE,POSSIBLE,NA,NA,MODERATE,MODERATE
2019,CALIFORNIA, MEASURED IN PCT OF AREA BEARING, AVG, INSECTICIDE,PYRIPROXYFEN,5,NA,NA,NA,NA,SLIGHT,NA
2019,CALIFORNIA, MEASURED IN PCT OF AREA BEARING, AVG, INSECTICIDE,SPIROMESIFEN,17,NA,NA,NA,NA,NA,NA
2019,CALIFORNIA, MEASURED IN PCT OF AREA BEARING, AVG, INSECTICIDE,THIAMETHOXAM,24,NA,NA,NA,NA,HIGH,NA
2019,FLORIDA, MEASURED IN LB,NA, FUNGICIDE,AZOXYSTROBIN,"12,000",NA,NA,NA,NA,NA,NA
2019,FLORIDA, MEASURED IN LB,NA, FUNGICIDE,CAPTAN,"146,100",KNOWN,KNOWN,NA,NA,NA,HIGH
2019,FLORIDA, MEASURED IN LB,NA, FUNGICIDE,CYPRODINIL,"4,100",NA,NA,NA,NA,NA,NA
2019,FLORIDA, MEASURED IN LB,NA, FUNGICIDE,FENHEXAMID,(D),NA,NA,NA,NA,NA,NA
2019,FLORIDA, MEASURED IN LB,NA, FUNGICIDE,FLUDIOXONIL,"2,700",NA,NA,NA,NA,SLIGHT,NA
2019,FLORIDA, MEASURED IN LB,NA, FUNGICIDE,MYCLOBUTANIL,(D),NA,NA,NA,PRESENT,NA,HIGH
2019,FLORIDA, MEASURED IN LB,NA, FUNGICIDE,PYRACLOSTROBIN,(D),NA,NA,NA,NA,SLIGHT,NA
2019,FLORIDA, MEASURED IN LB,NA, FUNGICIDE,PYRIMETHANIL,(D),POSSIBLE,POSSIBLE,NA,NA,SLIGHT,MODERATE
2019,FLORIDA, MEASURED IN LB,NA, FUNGICIDE,TRIFLUMIZOLE,(D),NA,NA,NA,NA,SLIGHT,NA
2019,FLORIDA, MEASURED IN LB,NA, INSECTICIDE,ACETAMIPRID,200,NA,NA,NA,NA,MODERATE,NA
2019,FLORIDA, MEASURED IN LB,NA, INSECTICIDE,BIFENAZATE,700,NA,NA,NA,NA,MODERATE,NA
2019,FLORIDA, MEASURED IN LB,NA, INSECTICIDE,BIFENTHRIN,300,POSSIBLE,POSSIBLE,NA,PRESENT,HIGH,HIGH
2019,FLORIDA, MEASURED IN LB,NA, INSECTICIDE,HEXYTHIAZOX,(D),PROBABLE,PROBABLE,NA,NA,NA,SLIGHT
2019,FLORIDA, MEASURED IN LB,NA, INSECTICIDE,IMIDACLOPRID,(D),NA,NA,NA,NA,HIGH,NA
2019,FLORIDA, MEASURED IN LB,NA, INSECTICIDE,MALATHION,(D),POSSIBLE,POSSIBLE,PRESENT,NA,HIGH,HIGH
2019,FLORIDA, MEASURED IN LB,NA, INSECTICIDE,METHOXYFENOZIDE,(D),NA,NA,NA,NA,SLIGHT,NA
2019,FLORIDA, MEASURED IN LB,NA, INSECTICIDE,SPIROMESIFEN,(D),NA,NA,NA,NA,NA,NA
2019,FLORIDA, MEASURED IN LB,NA, INSECTICIDE,THIAMETHOXAM,100,NA,NA,NA,NA,HIGH,NA
2019,FLORIDA, MEASURED IN LB / ACRE / APPLICATION, AVG, FUNGICIDE,AZOXYSTROBIN,0.858,NA,NA,NA,NA,NA,NA
2019,FLORIDA, MEASURED IN LB / ACRE / APPLICATION, AVG, FUNGICIDE,CAPTAN,2.098,KNOWN,KNOWN,NA,NA,NA,HIGH
2019,FLORIDA, MEASURED IN LB / ACRE / APPLICATION, AVG, FUNGICIDE,CYPRODINIL,0.313,NA,NA,NA,NA,NA,NA
2019,FLORIDA, MEASURED IN LB / ACRE / APPLICATION, AVG, FUNGICIDE,FENHEXAMID,(D),NA,NA,NA,NA,NA,NA
2019,FLORIDA, MEASURED IN LB / ACRE / APPLICATION, AVG, FUNGICIDE,FLUDIOXONIL,0.206,NA,NA,NA,NA,SLIGHT,NA
2019,FLORIDA, MEASURED IN LB / ACRE / APPLICATION, AVG, FUNGICIDE,MYCLOBUTANIL,(D),NA,NA,NA,PRESENT,NA,HIGH
2019,FLORIDA, MEASURED IN LB / ACRE / APPLICATION, AVG, FUNGICIDE,PYRACLOSTROBIN,(D),NA,NA,NA,NA,SLIGHT,NA
2019,FLORIDA, MEASURED IN LB / ACRE / APPLICATION, AVG, FUNGICIDE,PYRIMETHANIL,(D),POSSIBLE,POSSIBLE,NA,NA,SLIGHT,MODERATE
2019,FLORIDA, MEASURED IN LB / ACRE / APPLICATION, AVG, FUNGICIDE,TRIFLUMIZOLE,(D),NA,NA,NA,NA,SLIGHT,NA
2019,FLORIDA, MEASURED IN LB / ACRE / APPLICATION, AVG, INSECTICIDE,ACETAMIPRID,0.099,NA,NA,NA,NA,MODERATE,NA
2019,FLORIDA, MEASURED IN LB / ACRE / APPLICATION, AVG, INSECTICIDE,BIFENAZATE,0.141,NA,NA,NA,NA,MODERATE,NA
2019,FLORIDA, MEASURED IN LB / ACRE / APPLICATION, AVG, INSECTICIDE,BIFENTHRIN,0.05,POSSIBLE,POSSIBLE,NA,PRESENT,HIGH,HIGH
2019,FLORIDA, MEASURED IN LB / ACRE / APPLICATION, AVG, INSECTICIDE,HEXYTHIAZOX,(D),PROBABLE,PROBABLE,NA,NA,NA,SLIGHT
2019,FLORIDA, MEASURED IN LB / ACRE / APPLICATION, AVG, INSECTICIDE,IMIDACLOPRID,(D),NA,NA,NA,NA,HIGH,NA
2019,FLORIDA, MEASURED IN LB / ACRE / APPLICATION, AVG, INSECTICIDE,MALATHION,(D),POSSIBLE,POSSIBLE,PRESENT,NA,HIGH,HIGH
2019,FLORIDA, MEASURED IN LB / ACRE / APPLICATION, AVG, INSECTICIDE,METHOXYFENOZIDE,(D),NA,NA,NA,NA,SLIGHT,NA
2019,FLORIDA, MEASURED IN LB / ACRE / APPLICATION, AVG, INSECTICIDE,SPIROMESIFEN,(D),NA,NA,NA,NA,NA,NA
2019,FLORIDA, MEASURED IN LB / ACRE / APPLICATION, AVG, INSECTICIDE,THIAMETHOXAM,0.054,NA,NA,NA,NA,HIGH,NA
2019,FLORIDA, MEASURED IN LB / ACRE / YEAR, AVG, FUNGICIDE,AZOXYSTROBIN,4.123,NA,NA,NA,NA,NA,NA
2019,FLORIDA, MEASURED IN LB / ACRE / YEAR, AVG, FUNGICIDE,CAPTAN,16.856,KNOWN,KNOWN,NA,NA,NA,HIGH
2019,FLORIDA, MEASURED IN LB / ACRE / YEAR, AVG, FUNGICIDE,CYPRODINIL,0.642,NA,NA,NA,NA,NA,NA
2019,FLORIDA, MEASURED IN LB / ACRE / YEAR, AVG, FUNGICIDE,FENHEXAMID,(D),NA,NA,NA,NA,NA,NA
2019,FLORIDA, MEASURED IN LB / ACRE / YEAR, AVG, FUNGICIDE,FLUDIOXONIL,0.428,NA,NA,NA,NA,SLIGHT,NA
2019,FLORIDA, MEASURED IN LB / ACRE / YEAR, AVG, FUNGICIDE,MYCLOBUTANIL,(D),NA,NA,NA,PRESENT,NA,HIGH
2019,FLORIDA, MEASURED IN LB / ACRE / YEAR, AVG, FUNGICIDE,PYRACLOSTROBIN,(D),NA,NA,NA,NA,SLIGHT,NA
2019,FLORIDA, MEASURED IN LB / ACRE / YEAR, AVG, FUNGICIDE,PYRIMETHANIL,(D),POSSIBLE,POSSIBLE,NA,NA,SLIGHT,MODERATE
2019,FLORIDA, MEASURED IN LB / ACRE / YEAR, AVG, FUNGICIDE,TRIFLUMIZOLE,(D),NA,NA,NA,NA,SLIGHT,NA
2019,FLORIDA, MEASURED IN LB / ACRE / YEAR, AVG, INSECTICIDE,ACETAMIPRID,0.127,NA,NA,NA,NA,MODERATE,NA
2019,FLORIDA, MEASURED IN LB / ACRE / YEAR, AVG, INSECTICIDE,BIFENAZATE,0.663,NA,NA,NA,NA,MODERATE,NA
2019,FLORIDA, MEASURED IN LB / ACRE / YEAR, AVG, INSECTICIDE,BIFENTHRIN,0.077,POSSIBLE,POSSIBLE,NA,PRESENT,HIGH,HIGH
2019,FLORIDA, MEASURED IN LB / ACRE / YEAR, AVG, INSECTICIDE,HEXYTHIAZOX,(D),PROBABLE,PROBABLE,NA,NA,NA,SLIGHT
2019,FLORIDA, MEASURED IN LB / ACRE / YEAR, AVG, INSECTICIDE,IMIDACLOPRID,(D),NA,NA,NA,NA,HIGH,NA
2019,FLORIDA, MEASURED IN LB / ACRE / YEAR, AVG, INSECTICIDE,MALATHION,(D),POSSIBLE,POSSIBLE,PRESENT,NA,HIGH,HIGH
2019,FLORIDA, MEASURED IN LB / ACRE / YEAR, AVG, INSECTICIDE,METHOXYFENOZIDE,(D),NA,NA,NA,NA,SLIGHT,NA
2019,FLORIDA, MEASURED IN LB / ACRE / YEAR, AVG, INSECTICIDE,SPIROMESIFEN,(D),NA,NA,NA,NA,NA,NA
2019,FLORIDA, MEASURED IN LB / ACRE / YEAR, AVG, INSECTICIDE,THIAMETHOXAM,0.095,NA,NA,NA,NA,HIGH,NA
2019,FLORIDA, MEASURED IN NUMBER, AVG, FUNGICIDE,AZOXYSTROBIN,4.8,NA,NA,NA,NA,NA,NA
2019,FLORIDA, MEASURED IN NUMBER, AVG, FUNGICIDE,CAPTAN,8,KNOWN,KNOWN,NA,NA,NA,HIGH
2019,FLORIDA, MEASURED IN NUMBER, AVG, FUNGICIDE,CYPRODINIL,2.1,NA,NA,NA,NA,NA,NA
2019,FLORIDA, MEASURED IN NUMBER, AVG, FUNGICIDE,FENHEXAMID,(D),NA,NA,NA,NA,NA,NA
2019,FLORIDA, MEASURED IN NUMBER, AVG, FUNGICIDE,FLUDIOXONIL,2.1,NA,NA,NA,NA,SLIGHT,NA
2019,FLORIDA, MEASURED IN NUMBER, AVG, FUNGICIDE,MYCLOBUTANIL,(D),NA,NA,NA,PRESENT,NA,HIGH
2019,FLORIDA, MEASURED IN NUMBER, AVG, FUNGICIDE,PYRACLOSTROBIN,(D),NA,NA,NA,NA,SLIGHT,NA
2019,FLORIDA, MEASURED IN NUMBER, AVG, FUNGICIDE,PYRIMETHANIL,(D),POSSIBLE,POSSIBLE,NA,NA,SLIGHT,MODERATE
2019,FLORIDA, MEASURED IN NUMBER, AVG, FUNGICIDE,TRIFLUMIZOLE,(D),NA,NA,NA,NA,SLIGHT,NA
2019,FLORIDA, MEASURED IN NUMBER, AVG, INSECTICIDE,ACETAMIPRID,1.3,NA,NA,NA,NA,MODERATE,NA
2019,FLORIDA, MEASURED IN NUMBER, AVG, INSECTICIDE,BIFENAZATE,4.7,NA,NA,NA,NA,MODERATE,NA
2019,FLORIDA, MEASURED IN NUMBER, AVG, INSECTICIDE,BIFENTHRIN,1.5,POSSIBLE,POSSIBLE,NA,PRESENT,HIGH,HIGH
2019,FLORIDA, MEASURED IN NUMBER, AVG, INSECTICIDE,HEXYTHIAZOX,(D),PROBABLE,PROBABLE,NA,NA,NA,SLIGHT
2019,FLORIDA, MEASURED IN NUMBER, AVG, INSECTICIDE,IMIDACLOPRID,(D),NA,NA,NA,NA,HIGH,NA
2019,FLORIDA, MEASURED IN NUMBER, AVG, INSECTICIDE,MALATHION,(D),POSSIBLE,POSSIBLE,PRESENT,NA,HIGH,HIGH
2019,FLORIDA, MEASURED IN NUMBER, AVG, INSECTICIDE,METHOXYFENOZIDE,(D),NA,NA,NA,NA,SLIGHT,NA
2019,FLORIDA, MEASURED IN NUMBER, AVG, INSECTICIDE,SPIROMESIFEN,(D),NA,NA,NA,NA,NA,NA
2019,FLORIDA, MEASURED IN NUMBER, AVG, INSECTICIDE,THIAMETHOXAM,1.8,NA,NA,NA,NA,HIGH,NA
2019,FLORIDA, MEASURED IN PCT OF AREA BEARING, AVG, FUNGICIDE,AZOXYSTROBIN,29,NA,NA,NA,NA,NA,NA
2019,FLORIDA, MEASURED IN PCT OF AREA BEARING, AVG, FUNGICIDE,CAPTAN,88,KNOWN,KNOWN,NA,NA,NA,HIGH
2019,FLORIDA, MEASURED IN PCT OF AREA BEARING, AVG, FUNGICIDE,CYPRODINIL,64,NA,NA,NA,NA,NA,NA
2019,FLORIDA, MEASURED IN PCT OF AREA BEARING, AVG, FUNGICIDE,FENHEXAMID,(D),NA,NA,NA,NA,NA,NA
2019,FLORIDA, MEASURED IN PCT OF AREA BEARING, AVG, FUNGICIDE,FLUDIOXONIL,64,NA,NA,NA,NA,SLIGHT,NA
2019,FLORIDA, MEASURED IN PCT OF AREA BEARING, AVG, FUNGICIDE,MYCLOBUTANIL,(D),NA,NA,NA,PRESENT,NA,HIGH
2019,FLORIDA, MEASURED IN PCT OF AREA BEARING, AVG, FUNGICIDE,PYRACLOSTROBIN,(D),NA,NA,NA,NA,SLIGHT,NA
2019,FLORIDA, MEASURED IN PCT OF AREA BEARING, AVG, FUNGICIDE,PYRIMETHANIL,(D),POSSIBLE,POSSIBLE,NA,NA,SLIGHT,MODERATE
2019,FLORIDA, MEASURED IN PCT OF AREA BEARING, AVG, FUNGICIDE,TRIFLUMIZOLE,(D),NA,NA,NA,NA,SLIGHT,NA
2019,FLORIDA, MEASURED IN PCT OF AREA BEARING, AVG, INSECTICIDE,ACETAMIPRID,13,NA,NA,NA,NA,MODERATE,NA
2019,FLORIDA, MEASURED IN PCT OF AREA BEARING, AVG, INSECTICIDE,BIFENAZATE,11,NA,NA,NA,NA,MODERATE,NA
2019,FLORIDA, MEASURED IN PCT OF AREA BEARING, AVG, INSECTICIDE,BIFENTHRIN,35,POSSIBLE,POSSIBLE,NA,PRESENT,HIGH,HIGH
2019,FLORIDA, MEASURED IN PCT OF AREA BEARING, AVG, INSECTICIDE,HEXYTHIAZOX,(D),PROBABLE,PROBABLE,NA,NA,NA,SLIGHT
2019,FLORIDA, MEASURED IN PCT OF AREA BEARING, AVG, INSECTICIDE,IMIDACLOPRID,(D),NA,NA,NA,NA,HIGH,NA
2019,FLORIDA, MEASURED IN PCT OF AREA BEARING, AVG, INSECTICIDE,MALATHION,(D),POSSIBLE,POSSIBLE,PRESENT,NA,HIGH,HIGH
2019,FLORIDA, MEASURED IN PCT OF AREA BEARING, AVG, INSECTICIDE,METHOXYFENOZIDE,(D),NA,NA,NA,NA,SLIGHT,NA
2019,FLORIDA, MEASURED IN PCT OF AREA BEARING, AVG, INSECTICIDE,SPIROMESIFEN,(D),NA,NA,NA,NA,NA,NA
2019,FLORIDA, MEASURED IN PCT OF AREA BEARING, AVG, INSECTICIDE,THIAMETHOXAM,16,NA,NA,NA,NA,HIGH,NA
2018,CALIFORNIA, MEASURED IN LB,NA, FUNGICIDE,AZOXYSTROBIN,"1,100",NA,NA,NA,NA,NA,NA
2018,CALIFORNIA, MEASURED IN LB,NA, FUNGICIDE,BOSCALID,"1,800",POSSIBLE,POSSIBLE,NA,NA,NA,SLIGHT
2018,CALIFORNIA, MEASURED IN LB,NA, FUNGICIDE,CAPTAN,"94,800",KNOWN,KNOWN,NA,NA,NA,HIGH
2018,CALIFORNIA, MEASURED IN LB,NA, FUNGICIDE,CYPRODINIL,"4,900",NA,NA,NA,NA,NA,NA
2018,CALIFORNIA, MEASURED IN LB,NA, FUNGICIDE,FENHEXAMID,"3,100",NA,NA,NA,NA,NA,NA
2018,CALIFORNIA, MEASURED IN LB,NA, FUNGICIDE,FLUDIOXONIL,"3,300",NA,NA,NA,NA,SLIGHT,NA
2018,CALIFORNIA, MEASURED IN LB,NA, FUNGICIDE,IPRODIONE,(D),KNOWN,KNOWN,NA,NA,NA,HIGH
2018,CALIFORNIA, MEASURED IN LB,NA, FUNGICIDE,MYCLOBUTANIL,"1,100",NA,NA,NA,PRESENT,NA,HIGH
2018,CALIFORNIA, MEASURED IN LB,NA, FUNGICIDE,PROPICONAZOLE,"1,000",POSSIBLE,POSSIBLE,NA,PRESENT,SLIGHT,HIGH
2018,CALIFORNIA, MEASURED IN LB,NA, FUNGICIDE,PYRACLOSTROBIN,"2,300",NA,NA,NA,NA,SLIGHT,NA
2018,CALIFORNIA, MEASURED IN LB,NA, FUNGICIDE,PYRIMETHANIL,"2,800",POSSIBLE,POSSIBLE,NA,NA,SLIGHT,MODERATE
2018,CALIFORNIA, MEASURED IN LB,NA, FUNGICIDE,TRIFLOXYSTROBIN,"2,000",NA,NA,NA,NA,NA,NA
2018,CALIFORNIA, MEASURED IN LB,NA, FUNGICIDE,TRIFLUMIZOLE,"1,900",NA,NA,NA,NA,SLIGHT,NA
2018,CALIFORNIA, MEASURED IN LB,NA, INSECTICIDE,ACETAMIPRID,"1,200",NA,NA,NA,NA,MODERATE,NA
2018,CALIFORNIA, MEASURED IN LB,NA, INSECTICIDE,BIFENAZATE,"5,100",NA,NA,NA,NA,MODERATE,NA
2018,CALIFORNIA, MEASURED IN LB,NA, INSECTICIDE,BIFENTHRIN,"1,100",POSSIBLE,POSSIBLE,NA,PRESENT,HIGH,HIGH
2018,CALIFORNIA, MEASURED IN LB,NA, INSECTICIDE,CARBARYL,(D),KNOWN,KNOWN,PRESENT,PRESENT,HIGH,HIGH
2018,CALIFORNIA, MEASURED IN LB,NA, INSECTICIDE,CHLORPYRIFOS,(D),NA,NA,PRESENT,NA,HIGH,HIGH
2018,CALIFORNIA, MEASURED IN LB,NA, INSECTICIDE,FENPROPATHRIN,"1,100",NA,NA,NA,NA,NA,NA
2018,CALIFORNIA, MEASURED IN LB,NA, INSECTICIDE,HEXYTHIAZOX,800,PROBABLE,PROBABLE,NA,NA,NA,SLIGHT
2018,CALIFORNIA, MEASURED IN LB,NA, INSECTICIDE,IMIDACLOPRID,"4,100",NA,NA,NA,NA,HIGH,NA
2018,CALIFORNIA, MEASURED IN LB,NA, INSECTICIDE,MALATHION,"8,000",POSSIBLE,POSSIBLE,PRESENT,NA,HIGH,HIGH
2018,CALIFORNIA, MEASURED IN LB,NA, INSECTICIDE,METHOXYFENOZIDE,"1,000",NA,NA,NA,NA,SLIGHT,NA
2018,CALIFORNIA, MEASURED IN LB,NA, INSECTICIDE,PIPERONYL BUTOXIDE,(D),POSSIBLE,POSSIBLE,NA,NA,MODERATE,MODERATE
2018,CALIFORNIA, MEASURED IN LB,NA, INSECTICIDE,PYRIPROXYFEN,(D),NA,NA,NA,NA,SLIGHT,NA
2018,CALIFORNIA, MEASURED IN LB,NA, INSECTICIDE,SPIROMESIFEN,"1,000",NA,NA,NA,NA,NA,NA
2018,CALIFORNIA, MEASURED IN LB,NA, INSECTICIDE,THIAMETHOXAM,400,NA,NA,NA,NA,HIGH,NA
2018,CALIFORNIA, MEASURED IN LB / ACRE / APPLICATION, AVG, FUNGICIDE,AZOXYSTROBIN,0.213,NA,NA,NA,NA,NA,NA
2018,CALIFORNIA, MEASURED IN LB / ACRE / APPLICATION, AVG, FUNGICIDE,BOSCALID,0.358,POSSIBLE,POSSIBLE,NA,NA,NA,SLIGHT
2018,CALIFORNIA, MEASURED IN LB / ACRE / APPLICATION, AVG, FUNGICIDE,CAPTAN,1.878,KNOWN,KNOWN,NA,NA,NA,HIGH
2018,CALIFORNIA, MEASURED IN LB / ACRE / APPLICATION, AVG, FUNGICIDE,CYPRODINIL,0.32,NA,NA,NA,NA,NA,NA
2018,CALIFORNIA, MEASURED IN LB / ACRE / APPLICATION, AVG, FUNGICIDE,FENHEXAMID,0.59,NA,NA,NA,NA,NA,NA
2018,CALIFORNIA, MEASURED IN LB / ACRE / APPLICATION, AVG, FUNGICIDE,FLUDIOXONIL,0.214,NA,NA,NA,NA,SLIGHT,NA
2018,CALIFORNIA, MEASURED IN LB / ACRE / APPLICATION, AVG, FUNGICIDE,IPRODIONE,(D),KNOWN,KNOWN,NA,NA,NA,HIGH
2018,CALIFORNIA, MEASURED IN LB / ACRE / APPLICATION, AVG, FUNGICIDE,MYCLOBUTANIL,0.104,NA,NA,NA,PRESENT,NA,HIGH
2018,CALIFORNIA, MEASURED IN LB / ACRE / APPLICATION, AVG, FUNGICIDE,PROPICONAZOLE,0.112,POSSIBLE,POSSIBLE,NA,PRESENT,SLIGHT,HIGH
2018,CALIFORNIA, MEASURED IN LB / ACRE / APPLICATION, AVG, FUNGICIDE,PYRACLOSTROBIN,0.171,NA,NA,NA,NA,SLIGHT,NA
2018,CALIFORNIA, MEASURED IN LB / ACRE / APPLICATION, AVG, FUNGICIDE,PYRIMETHANIL,0.628,POSSIBLE,POSSIBLE,NA,NA,SLIGHT,MODERATE
2018,CALIFORNIA, MEASURED IN LB / ACRE / APPLICATION, AVG, FUNGICIDE,TRIFLOXYSTROBIN,0.114,NA,NA,NA,NA,NA,NA
2018,CALIFORNIA, MEASURED IN LB / ACRE / APPLICATION, AVG, FUNGICIDE,TRIFLUMIZOLE,0.241,NA,NA,NA,NA,SLIGHT,NA
2018,CALIFORNIA, MEASURED IN LB / ACRE / APPLICATION, AVG, INSECTICIDE,ACETAMIPRID,0.118,NA,NA,NA,NA,MODERATE,NA
2018,CALIFORNIA, MEASURED IN LB / ACRE / APPLICATION, AVG, INSECTICIDE,BIFENAZATE,0.49,NA,NA,NA,NA,MODERATE,NA
2018,CALIFORNIA, MEASURED IN LB / ACRE / APPLICATION, AVG, INSECTICIDE,BIFENTHRIN,0.098,POSSIBLE,POSSIBLE,NA,PRESENT,HIGH,HIGH
2018,CALIFORNIA, MEASURED IN LB / ACRE / APPLICATION, AVG, INSECTICIDE,CARBARYL,(D),KNOWN,KNOWN,PRESENT,PRESENT,HIGH,HIGH
2018,CALIFORNIA, MEASURED IN LB / ACRE / APPLICATION, AVG, INSECTICIDE,CHLORPYRIFOS,(D),NA,NA,PRESENT,NA,HIGH,HIGH
2018,CALIFORNIA, MEASURED IN LB / ACRE / APPLICATION, AVG, INSECTICIDE,FENPROPATHRIN,0.286,NA,NA,NA,NA,NA,NA
2018,CALIFORNIA, MEASURED IN LB / ACRE / APPLICATION, AVG, INSECTICIDE,HEXYTHIAZOX,0.181,PROBABLE,PROBABLE,NA,NA,NA,SLIGHT
2018,CALIFORNIA, MEASURED IN LB / ACRE / APPLICATION, AVG, INSECTICIDE,IMIDACLOPRID,0.5,NA,NA,NA,NA,HIGH,NA
2018,CALIFORNIA, MEASURED IN LB / ACRE / APPLICATION, AVG, INSECTICIDE,MALATHION,1.799,POSSIBLE,POSSIBLE,PRESENT,NA,HIGH,HIGH
2018,CALIFORNIA, MEASURED IN LB / ACRE / APPLICATION, AVG, INSECTICIDE,METHOXYFENOZIDE,0.176,NA,NA,NA,NA,SLIGHT,NA
2018,CALIFORNIA, MEASURED IN LB / ACRE / APPLICATION, AVG, INSECTICIDE,PIPERONYL BUTOXIDE,(D),POSSIBLE,POSSIBLE,NA,NA,MODERATE,MODERATE
2018,CALIFORNIA, MEASURED IN LB / ACRE / APPLICATION, AVG, INSECTICIDE,PYRIPROXYFEN,(D),NA,NA,NA,NA,SLIGHT,NA
2018,CALIFORNIA, MEASURED IN LB / ACRE / APPLICATION, AVG, INSECTICIDE,SPIROMESIFEN,0.25,NA,NA,NA,NA,NA,NA
2018,CALIFORNIA, MEASURED IN LB / ACRE / APPLICATION, AVG, INSECTICIDE,THIAMETHOXAM,0.06,NA,NA,NA,NA,HIGH,NA
2018,CALIFORNIA, MEASURED IN LB / ACRE / YEAR, AVG, FUNGICIDE,AZOXYSTROBIN,0.298,NA,NA,NA,NA,NA,NA
2018,CALIFORNIA, MEASURED IN LB / ACRE / YEAR, AVG, FUNGICIDE,BOSCALID,0.565,POSSIBLE,POSSIBLE,NA,NA,NA,SLIGHT
2018,CALIFORNIA, MEASURED IN LB / ACRE / YEAR, AVG, FUNGICIDE,CAPTAN,6.452,KNOWN,KNOWN,NA,NA,NA,HIGH
2018,CALIFORNIA, MEASURED IN LB / ACRE / YEAR, AVG, FUNGICIDE,CYPRODINIL,0.461,NA,NA,NA,NA,NA,NA
2018,CALIFORNIA, MEASURED IN LB / ACRE / YEAR, AVG, FUNGICIDE,FENHEXAMID,1.005,NA,NA,NA,NA,NA,NA
2018,CALIFORNIA, MEASURED IN LB / ACRE / YEAR, AVG, FUNGICIDE,FLUDIOXONIL,0.307,NA,NA,NA,NA,SLIGHT,NA
2018,CALIFORNIA, MEASURED IN LB / ACRE / YEAR, AVG, FUNGICIDE,IPRODIONE,(D),KNOWN,KNOWN,NA,NA,NA,HIGH
2018,CALIFORNIA, MEASURED IN LB / ACRE / YEAR, AVG, FUNGICIDE,MYCLOBUTANIL,0.167,NA,NA,NA,PRESENT,NA,HIGH
2018,CALIFORNIA, MEASURED IN LB / ACRE / YEAR, AVG, FUNGICIDE,PROPICONAZOLE,0.221,POSSIBLE,POSSIBLE,NA,PRESENT,SLIGHT,HIGH
2018,CALIFORNIA, MEASURED IN LB / ACRE / YEAR, AVG, FUNGICIDE,PYRACLOSTROBIN,0.305,NA,NA,NA,NA,SLIGHT,NA
2018,CALIFORNIA, MEASURED IN LB / ACRE / YEAR, AVG, FUNGICIDE,PYRIMETHANIL,0.762,POSSIBLE,POSSIBLE,NA,NA,SLIGHT,MODERATE
2018,CALIFORNIA, MEASURED IN LB / ACRE / YEAR, AVG, FUNGICIDE,TRIFLOXYSTROBIN,0.148,NA,NA,NA,NA,NA,NA
2018,CALIFORNIA, MEASURED IN LB / ACRE / YEAR, AVG, FUNGICIDE,TRIFLUMIZOLE,0.396,NA,NA,NA,NA,SLIGHT,NA
2018,CALIFORNIA, MEASURED IN LB / ACRE / YEAR, AVG, INSECTICIDE,ACETAMIPRID,0.165,NA,NA,NA,NA,MODERATE,NA
2018,CALIFORNIA, MEASURED IN LB / ACRE / YEAR, AVG, INSECTICIDE,BIFENAZATE,0.645,NA,NA,NA,NA,MODERATE,NA
2018,CALIFORNIA, MEASURED IN LB / ACRE / YEAR, AVG, INSECTICIDE,BIFENTHRIN,0.163,POSSIBLE,POSSIBLE,NA,PRESENT,HIGH,HIGH
2018,CALIFORNIA, MEASURED IN LB / ACRE / YEAR, AVG, INSECTICIDE,CARBARYL,(D),KNOWN,KNOWN,PRESENT,PRESENT,HIGH,HIGH
2018,CALIFORNIA, MEASURED IN LB / ACRE / YEAR, AVG, INSECTICIDE,CHLORPYRIFOS,(D),NA,NA,PRESENT,NA,HIGH,HIGH
2018,CALIFORNIA, MEASURED IN LB / ACRE / YEAR, AVG, INSECTICIDE,FENPROPATHRIN,0.397,NA,NA,NA,NA,NA,NA
2018,CALIFORNIA, MEASURED IN LB / ACRE / YEAR, AVG, INSECTICIDE,HEXYTHIAZOX,0.212,PROBABLE,PROBABLE,NA,NA,NA,SLIGHT
2018,CALIFORNIA, MEASURED IN LB / ACRE / YEAR, AVG, INSECTICIDE,IMIDACLOPRID,0.63,NA,NA,NA,NA,HIGH,NA
2018,CALIFORNIA, MEASURED IN LB / ACRE / YEAR, AVG, INSECTICIDE,MALATHION,3.062,POSSIBLE,POSSIBLE,PRESENT,NA,HIGH,HIGH
2018,CALIFORNIA, MEASURED IN LB / ACRE / YEAR, AVG, INSECTICIDE,METHOXYFENOZIDE,0.214,NA,NA,NA,NA,SLIGHT,NA
2018,CALIFORNIA, MEASURED IN LB / ACRE / YEAR, AVG, INSECTICIDE,PIPERONYL BUTOXIDE,(D),POSSIBLE,POSSIBLE,NA,NA,MODERATE,MODERATE
2018,CALIFORNIA, MEASURED IN LB / ACRE / YEAR, AVG, INSECTICIDE,PYRIPROXYFEN,(D),NA,NA,NA,NA,SLIGHT,NA
2018,CALIFORNIA, MEASURED IN LB / ACRE / YEAR, AVG, INSECTICIDE,SPIROMESIFEN,0.319,NA,NA,NA,NA,NA,NA
2018,CALIFORNIA, MEASURED IN LB / ACRE / YEAR, AVG, INSECTICIDE,THIAMETHOXAM,0.086,NA,NA,NA,NA,HIGH,NA
2018,CALIFORNIA, MEASURED IN NUMBER, AVG, FUNGICIDE,AZOXYSTROBIN,1.4,NA,NA,NA,NA,NA,NA
2018,CALIFORNIA, MEASURED IN NUMBER, AVG, FUNGICIDE,BOSCALID,1.6,POSSIBLE,POSSIBLE,NA,NA,NA,SLIGHT
2018,CALIFORNIA, MEASURED IN NUMBER, AVG, FUNGICIDE,CAPTAN,3.4,KNOWN,KNOWN,NA,NA,NA,HIGH
2018,CALIFORNIA, MEASURED IN NUMBER, AVG, FUNGICIDE,CYPRODINIL,1.4,NA,NA,NA,NA,NA,NA
2018,CALIFORNIA, MEASURED IN NUMBER, AVG, FUNGICIDE,FENHEXAMID,1.7,NA,NA,NA,NA,NA,NA
2018,CALIFORNIA, MEASURED IN NUMBER, AVG, FUNGICIDE,FLUDIOXONIL,1.4,NA,NA,NA,NA,SLIGHT,NA
2018,CALIFORNIA, MEASURED IN NUMBER, AVG, FUNGICIDE,IPRODIONE,(D),KNOWN,KNOWN,NA,NA,NA,HIGH
2018,CALIFORNIA, MEASURED IN NUMBER, AVG, FUNGICIDE,MYCLOBUTANIL,1.6,NA,NA,NA,PRESENT,NA,HIGH
2018,CALIFORNIA, MEASURED IN NUMBER, AVG, FUNGICIDE,PROPICONAZOLE,2,POSSIBLE,POSSIBLE,NA,PRESENT,SLIGHT,HIGH
2018,CALIFORNIA, MEASURED IN NUMBER, AVG, FUNGICIDE,PYRACLOSTROBIN,1.8,NA,NA,NA,NA,SLIGHT,NA
2018,CALIFORNIA, MEASURED IN NUMBER, AVG, FUNGICIDE,PYRIMETHANIL,1.2,POSSIBLE,POSSIBLE,NA,NA,SLIGHT,MODERATE
2018,CALIFORNIA, MEASURED IN NUMBER, AVG, FUNGICIDE,TRIFLOXYSTROBIN,1.3,NA,NA,NA,NA,NA,NA
2018,CALIFORNIA, MEASURED IN NUMBER, AVG, FUNGICIDE,TRIFLUMIZOLE,1.6,NA,NA,NA,NA,SLIGHT,NA
2018,CALIFORNIA, MEASURED IN NUMBER, AVG, INSECTICIDE,ACETAMIPRID,1.4,NA,NA,NA,NA,MODERATE,NA
2018,CALIFORNIA, MEASURED IN NUMBER, AVG, INSECTICIDE,BIFENAZATE,1.3,NA,NA,NA,NA,MODERATE,NA
2018,CALIFORNIA, MEASURED IN NUMBER, AVG, INSECTICIDE,BIFENTHRIN,1.7,POSSIBLE,POSSIBLE,NA,PRESENT,HIGH,HIGH
2018,CALIFORNIA, MEASURED IN NUMBER, AVG, INSECTICIDE,CARBARYL,(D),KNOWN,KNOWN,PRESENT,PRESENT,HIGH,HIGH
2018,CALIFORNIA, MEASURED IN NUMBER, AVG, INSECTICIDE,CHLORPYRIFOS,(D),NA,NA,PRESENT,NA,HIGH,HIGH
2018,CALIFORNIA, MEASURED IN NUMBER, AVG, INSECTICIDE,FENPROPATHRIN,1.4,NA,NA,NA,NA,NA,NA
2018,CALIFORNIA, MEASURED IN NUMBER, AVG, INSECTICIDE,HEXYTHIAZOX,1.2,PROBABLE,PROBABLE,NA,NA,NA,SLIGHT
2018,CALIFORNIA, MEASURED IN NUMBER, AVG, INSECTICIDE,IMIDACLOPRID,1.3,NA,NA,NA,NA,HIGH,NA
2018,CALIFORNIA, MEASURED IN NUMBER, AVG, INSECTICIDE,MALATHION,1.7,POSSIBLE,POSSIBLE,PRESENT,NA,HIGH,HIGH
2018,CALIFORNIA, MEASURED IN NUMBER, AVG, INSECTICIDE,METHOXYFENOZIDE,1.2,NA,NA,NA,NA,SLIGHT,NA
2018,CALIFORNIA, MEASURED IN NUMBER, AVG, INSECTICIDE,PIPERONYL BUTOXIDE,(D),POSSIBLE,POSSIBLE,NA,NA,MODERATE,MODERATE
2018,CALIFORNIA, MEASURED IN NUMBER, AVG, INSECTICIDE,PYRIPROXYFEN,(D),NA,NA,NA,NA,SLIGHT,NA
2018,CALIFORNIA, MEASURED IN NUMBER, AVG, INSECTICIDE,SPIROMESIFEN,1.3,NA,NA,NA,NA,NA,NA
2018,CALIFORNIA, MEASURED IN NUMBER, AVG, INSECTICIDE,THIAMETHOXAM,1.4,NA,NA,NA,NA,HIGH,NA
2018,CALIFORNIA, MEASURED IN PCT OF AREA BEARING, AVG, FUNGICIDE,AZOXYSTROBIN,10,NA,NA,NA,NA,NA,NA
2018,CALIFORNIA, MEASURED IN PCT OF AREA BEARING, AVG, FUNGICIDE,BOSCALID,9,POSSIBLE,POSSIBLE,NA,NA,NA,SLIGHT
2018,CALIFORNIA, MEASURED IN PCT OF AREA BEARING, AVG, FUNGICIDE,CAPTAN,41,KNOWN,KNOWN,NA,NA,NA,HIGH
2018,CALIFORNIA, MEASURED IN PCT OF AREA BEARING, AVG, FUNGICIDE,CYPRODINIL,30,NA,NA,NA,NA,NA,NA
2018,CALIFORNIA, MEASURED IN PCT OF AREA BEARING, AVG, FUNGICIDE,FENHEXAMID,9,NA,NA,NA,NA,NA,NA
2018,CALIFORNIA, MEASURED IN PCT OF AREA BEARING, AVG, FUNGICIDE,FLUDIOXONIL,30,NA,NA,NA,NA,SLIGHT,NA
2018,CALIFORNIA, MEASURED IN PCT OF AREA BEARING, AVG, FUNGICIDE,IPRODIONE,(D),KNOWN,KNOWN,NA,NA,NA,HIGH
2018,CALIFORNIA, MEASURED IN PCT OF AREA BEARING, AVG, FUNGICIDE,MYCLOBUTANIL,18,NA,NA,NA,PRESENT,NA,HIGH
2018,CALIFORNIA, MEASURED IN PCT OF AREA BEARING, AVG, FUNGICIDE,PROPICONAZOLE,12,POSSIBLE,POSSIBLE,NA,PRESENT,SLIGHT,HIGH
2018,CALIFORNIA, MEASURED IN PCT OF AREA BEARING, AVG, FUNGICIDE,PYRACLOSTROBIN,21,NA,NA,NA,NA,SLIGHT,NA
2018,CALIFORNIA, MEASURED IN PCT OF AREA BEARING, AVG, FUNGICIDE,PYRIMETHANIL,10,POSSIBLE,POSSIBLE,NA,NA,SLIGHT,MODERATE
2018,CALIFORNIA, MEASURED IN PCT OF AREA BEARING, AVG, FUNGICIDE,TRIFLOXYSTROBIN,37,NA,NA,NA,NA,NA,NA
2018,CALIFORNIA, MEASURED IN PCT OF AREA BEARING, AVG, FUNGICIDE,TRIFLUMIZOLE,13,NA,NA,NA,NA,SLIGHT,NA
2018,CALIFORNIA, MEASURED IN PCT OF AREA BEARING, AVG, INSECTICIDE,ACETAMIPRID,20,NA,NA,NA,NA,MODERATE,NA
2018,CALIFORNIA, MEASURED IN PCT OF AREA BEARING, AVG, INSECTICIDE,BIFENAZATE,22,NA,NA,NA,NA,MODERATE,NA
2018,CALIFORNIA, MEASURED IN PCT OF AREA BEARING, AVG, INSECTICIDE,BIFENTHRIN,19,POSSIBLE,POSSIBLE,NA,PRESENT,HIGH,HIGH
2018,CALIFORNIA, MEASURED IN PCT OF AREA BEARING, AVG, INSECTICIDE,CARBARYL,(D),KNOWN,KNOWN,PRESENT,PRESENT,HIGH,HIGH
2018,CALIFORNIA, MEASURED IN PCT OF AREA BEARING, AVG, INSECTICIDE,CHLORPYRIFOS,(D),NA,NA,PRESENT,NA,HIGH,HIGH
2018,CALIFORNIA, MEASURED IN PCT OF AREA BEARING, AVG, INSECTICIDE,FENPROPATHRIN,8,NA,NA,NA,NA,NA,NA
2018,CALIFORNIA, MEASURED IN PCT OF AREA BEARING, AVG, INSECTICIDE,HEXYTHIAZOX,11,PROBABLE,PROBABLE,NA,NA,NA,SLIGHT
2018,CALIFORNIA, MEASURED IN PCT OF AREA BEARING, AVG, INSECTICIDE,IMIDACLOPRID,18,NA,NA,NA,NA,HIGH,NA
2018,CALIFORNIA, MEASURED IN PCT OF AREA BEARING, AVG, INSECTICIDE,MALATHION,7,POSSIBLE,POSSIBLE,PRESENT,NA,HIGH,HIGH
2018,CALIFORNIA, MEASURED IN PCT OF AREA BEARING, AVG, INSECTICIDE,METHOXYFENOZIDE,13,NA,NA,NA,NA,SLIGHT,NA
2018,CALIFORNIA, MEASURED IN PCT OF AREA BEARING, AVG, INSECTICIDE,PIPERONYL BUTOXIDE,(D),POSSIBLE,POSSIBLE,NA,NA,MODERATE,MODERATE
2018,CALIFORNIA, MEASURED IN PCT OF AREA BEARING, AVG, INSECTICIDE,PYRIPROXYFEN,(D),NA,NA,NA,NA,SLIGHT,NA
2018,CALIFORNIA, MEASURED IN PCT OF AREA BEARING, AVG, INSECTICIDE,SPIROMESIFEN,9,NA,NA,NA,NA,NA,NA
2018,CALIFORNIA, MEASURED IN PCT OF AREA BEARING, AVG, INSECTICIDE,THIAMETHOXAM,12,NA,NA,NA,NA,HIGH,NA
2018,FLORIDA, MEASURED IN LB,NA, FUNGICIDE,AZOXYSTROBIN,(D),NA,NA,NA,NA,NA,NA
2018,FLORIDA, MEASURED IN LB,NA, FUNGICIDE,CAPTAN,"87,400",KNOWN,KNOWN,NA,NA,NA,HIGH
2018,FLORIDA, MEASURED IN LB,NA, FUNGICIDE,CYPRODINIL,"3,300",NA,NA,NA,NA,NA,NA
2018,FLORIDA, MEASURED IN LB,NA, FUNGICIDE,FENHEXAMID,(D),NA,NA,NA,NA,NA,NA
2018,FLORIDA, MEASURED IN LB,NA, FUNGICIDE,FLUDIOXONIL,"1,700",NA,NA,NA,NA,SLIGHT,NA
2018,FLORIDA, MEASURED IN LB,NA, FUNGICIDE,IPRODIONE,(D),KNOWN,KNOWN,NA,NA,NA,HIGH
2018,FLORIDA, MEASURED IN LB,NA, FUNGICIDE,PROPICONAZOLE,(D),POSSIBLE,POSSIBLE,NA,PRESENT,SLIGHT,HIGH
2018,FLORIDA, MEASURED IN LB,NA, FUNGICIDE,PYRIMETHANIL,(D),POSSIBLE,POSSIBLE,NA,NA,SLIGHT,MODERATE
2018,FLORIDA, MEASURED IN LB,NA, INSECTICIDE,ACETAMIPRID,(D),NA,NA,NA,NA,MODERATE,NA
2018,FLORIDA, MEASURED IN LB,NA, INSECTICIDE,BIFENAZATE,(D),NA,NA,NA,NA,MODERATE,NA
2018,FLORIDA, MEASURED IN LB,NA, INSECTICIDE,BIFENTHRIN,(D),POSSIBLE,POSSIBLE,NA,PRESENT,HIGH,HIGH
2018,FLORIDA, MEASURED IN LB,NA, INSECTICIDE,MALATHION,(D),POSSIBLE,POSSIBLE,PRESENT,NA,HIGH,HIGH
2018,FLORIDA, MEASURED IN LB,NA, INSECTICIDE,SPIROMESIFEN,(D),NA,NA,NA,NA,NA,NA
2018,FLORIDA, MEASURED IN LB,NA, INSECTICIDE,THIAMETHOXAM,(D),NA,NA,NA,NA,HIGH,NA
2018,FLORIDA, MEASURED IN LB / ACRE / APPLICATION, AVG, FUNGICIDE,AZOXYSTROBIN,(D),NA,NA,NA,NA,NA,NA
2018,FLORIDA, MEASURED IN LB / ACRE / APPLICATION, AVG, FUNGICIDE,CAPTAN,1.858,KNOWN,KNOWN,NA,NA,NA,HIGH
2018,FLORIDA, MEASURED IN LB / ACRE / APPLICATION, AVG, FUNGICIDE,CYPRODINIL,0.33,NA,NA,NA,NA,NA,NA
2018,FLORIDA, MEASURED IN LB / ACRE / APPLICATION, AVG, FUNGICIDE,FENHEXAMID,(D),NA,NA,NA,NA,NA,NA
2018,FLORIDA, MEASURED IN LB / ACRE / APPLICATION, AVG, FUNGICIDE,FLUDIOXONIL,0.221,NA,NA,NA,NA,SLIGHT,NA
2018,FLORIDA, MEASURED IN LB / ACRE / APPLICATION, AVG, FUNGICIDE,IPRODIONE,(D),KNOWN,KNOWN,NA,NA,NA,HIGH
2018,FLORIDA, MEASURED IN LB / ACRE / APPLICATION, AVG, FUNGICIDE,PROPICONAZOLE,(D),POSSIBLE,POSSIBLE,NA,PRESENT,SLIGHT,HIGH
2018,FLORIDA, MEASURED IN LB / ACRE / APPLICATION, AVG, FUNGICIDE,PYRIMETHANIL,(D),POSSIBLE,POSSIBLE,NA,NA,SLIGHT,MODERATE
2018,FLORIDA, MEASURED IN LB / ACRE / APPLICATION, AVG, INSECTICIDE,ACETAMIPRID,(D),NA,NA,NA,NA,MODERATE,NA
2018,FLORIDA, MEASURED IN LB / ACRE / APPLICATION, AVG, INSECTICIDE,BIFENAZATE,(D),NA,NA,NA,NA,MODERATE,NA
2018,FLORIDA, MEASURED IN LB / ACRE / APPLICATION, AVG, INSECTICIDE,BIFENTHRIN,(D),POSSIBLE,POSSIBLE,NA,PRESENT,HIGH,HIGH
2018,FLORIDA, MEASURED IN LB / ACRE / APPLICATION, AVG, INSECTICIDE,MALATHION,(D),POSSIBLE,POSSIBLE,PRESENT,NA,HIGH,HIGH
2018,FLORIDA, MEASURED IN LB / ACRE / APPLICATION, AVG, INSECTICIDE,SPIROMESIFEN,(D),NA,NA,NA,NA,NA,NA
2018,FLORIDA, MEASURED IN LB / ACRE / APPLICATION, AVG, INSECTICIDE,THIAMETHOXAM,(D),NA,NA,NA,NA,HIGH,NA
2018,FLORIDA, MEASURED IN LB / ACRE / YEAR, AVG, FUNGICIDE,AZOXYSTROBIN,(D),NA,NA,NA,NA,NA,NA
2018,FLORIDA, MEASURED IN LB / ACRE / YEAR, AVG, FUNGICIDE,CAPTAN,9.193,KNOWN,KNOWN,NA,NA,NA,HIGH
2018,FLORIDA, MEASURED IN LB / ACRE / YEAR, AVG, FUNGICIDE,CYPRODINIL,0.997,NA,NA,NA,NA,NA,NA
2018,FLORIDA, MEASURED IN LB / ACRE / YEAR, AVG, FUNGICIDE,FENHEXAMID,(D),NA,NA,NA,NA,NA,NA
2018,FLORIDA, MEASURED IN LB / ACRE / YEAR, AVG, FUNGICIDE,FLUDIOXONIL,0.501,NA,NA,NA,NA,SLIGHT,NA
2018,FLORIDA, MEASURED IN LB / ACRE / YEAR, AVG, FUNGICIDE,IPRODIONE,(D),KNOWN,KNOWN,NA,NA,NA,HIGH
2018,FLORIDA, MEASURED IN LB / ACRE / YEAR, AVG, FUNGICIDE,PROPICONAZOLE,(D),POSSIBLE,POSSIBLE,NA,PRESENT,SLIGHT,HIGH
2018,FLORIDA, MEASURED IN LB / ACRE / YEAR, AVG, FUNGICIDE,PYRIMETHANIL,(D),POSSIBLE,POSSIBLE,NA,NA,SLIGHT,MODERATE
2018,FLORIDA, MEASURED IN LB / ACRE / YEAR, AVG, INSECTICIDE,ACETAMIPRID,(D),NA,NA,NA,NA,MODERATE,NA
2018,FLORIDA, MEASURED IN LB / ACRE / YEAR, AVG, INSECTICIDE,BIFENAZATE,(D),NA,NA,NA,NA,MODERATE,NA
2018,FLORIDA, MEASURED IN LB / ACRE / YEAR, AVG, INSECTICIDE,BIFENTHRIN,(D),POSSIBLE,POSSIBLE,NA,PRESENT,HIGH,HIGH
2018,FLORIDA, MEASURED IN LB / ACRE / YEAR, AVG, INSECTICIDE,MALATHION,(D),POSSIBLE,POSSIBLE,PRESENT,NA,HIGH,HIGH
2018,FLORIDA, MEASURED IN LB / ACRE / YEAR, AVG, INSECTICIDE,SPIROMESIFEN,(D),NA,NA,NA,NA,NA,NA
2018,FLORIDA, MEASURED IN LB / ACRE / YEAR, AVG, INSECTICIDE,THIAMETHOXAM,(D),NA,NA,NA,NA,HIGH,NA
2018,FLORIDA, MEASURED IN NUMBER, AVG, FUNGICIDE,AZOXYSTROBIN,(D),NA,NA,NA,NA,NA,NA
2018,FLORIDA, MEASURED IN NUMBER, AVG, FUNGICIDE,CAPTAN,4.9,KNOWN,KNOWN,NA,NA,NA,HIGH
2018,FLORIDA, MEASURED IN NUMBER, AVG, FUNGICIDE,CYPRODINIL,3,NA,NA,NA,NA,NA,NA
2018,FLORIDA, MEASURED IN NUMBER, AVG, FUNGICIDE,FENHEXAMID,(D),NA,NA,NA,NA,NA,NA
2018,FLORIDA, MEASURED IN NUMBER, AVG, FUNGICIDE,FLUDIOXONIL,2.3,NA,NA,NA,NA,SLIGHT,NA
2018,FLORIDA, MEASURED IN NUMBER, AVG, FUNGICIDE,IPRODIONE,(D),KNOWN,KNOWN,NA,NA,NA,HIGH
2018,FLORIDA, MEASURED IN NUMBER, AVG, FUNGICIDE,PROPICONAZOLE,(D),POSSIBLE,POSSIBLE,NA,PRESENT,SLIGHT,HIGH
2018,FLORIDA, MEASURED IN NUMBER, AVG, FUNGICIDE,PYRIMETHANIL,(D),POSSIBLE,POSSIBLE,NA,NA,SLIGHT,MODERATE
2018,FLORIDA, MEASURED IN NUMBER, AVG, INSECTICIDE,ACETAMIPRID,(D),NA,NA,NA,NA,MODERATE,NA
2018,FLORIDA, MEASURED IN NUMBER, AVG, INSECTICIDE,BIFENAZATE,(D),NA,NA,NA,NA,MODERATE,NA
2018,FLORIDA, MEASURED IN NUMBER, AVG, INSECTICIDE,BIFENTHRIN,(D),POSSIBLE,POSSIBLE,NA,PRESENT,HIGH,HIGH
2018,FLORIDA, MEASURED IN NUMBER, AVG, INSECTICIDE,MALATHION,(D),POSSIBLE,POSSIBLE,PRESENT,NA,HIGH,HIGH
2018,FLORIDA, MEASURED IN NUMBER, AVG, INSECTICIDE,SPIROMESIFEN,(D),NA,NA,NA,NA,NA,NA
2018,FLORIDA, MEASURED IN NUMBER, AVG, INSECTICIDE,THIAMETHOXAM,(D),NA,NA,NA,NA,HIGH,NA
2018,FLORIDA, MEASURED IN PCT OF AREA BEARING, AVG, FUNGICIDE,AZOXYSTROBIN,(D),NA,NA,NA,NA,NA,NA
2018,FLORIDA, MEASURED IN PCT OF AREA BEARING, AVG, FUNGICIDE,CAPTAN,96,KNOWN,KNOWN,NA,NA,NA,HIGH
2018,FLORIDA, MEASURED IN PCT OF AREA BEARING, AVG, FUNGICIDE,CYPRODINIL,33,NA,NA,NA,NA,NA,NA
2018,FLORIDA, MEASURED IN PCT OF AREA BEARING, AVG, FUNGICIDE,FENHEXAMID,(D),NA,NA,NA,NA,NA,NA
2018,FLORIDA, MEASURED IN PCT OF AREA BEARING, AVG, FUNGICIDE,FLUDIOXONIL,33,NA,NA,NA,NA,SLIGHT,NA
2018,FLORIDA, MEASURED IN PCT OF AREA BEARING, AVG, FUNGICIDE,IPRODIONE,(D),KNOWN,KNOWN,NA,NA,NA,HIGH
2018,FLORIDA, MEASURED IN PCT OF AREA BEARING, AVG, FUNGICIDE,PROPICONAZOLE,(D),POSSIBLE,POSSIBLE,NA,PRESENT,SLIGHT,HIGH
2018,FLORIDA, MEASURED IN PCT OF AREA BEARING, AVG, FUNGICIDE,PYRIMETHANIL,(D),POSSIBLE,POSSIBLE,NA,NA,SLIGHT,MODERATE
2018,FLORIDA, MEASURED IN PCT OF AREA BEARING, AVG, INSECTICIDE,ACETAMIPRID,(D),NA,NA,NA,NA,MODERATE,NA
2018,FLORIDA, MEASURED IN PCT OF AREA BEARING, AVG, INSECTICIDE,BIFENAZATE,(D),NA,NA,NA,NA,MODERATE,NA
2018,FLORIDA, MEASURED IN PCT OF AREA BEARING, AVG, INSECTICIDE,BIFENTHRIN,(D),POSSIBLE,POSSIBLE,NA,PRESENT,HIGH,HIGH
2018,FLORIDA, MEASURED IN PCT OF AREA BEARING, AVG, INSECTICIDE,MALATHION,(D),POSSIBLE,POSSIBLE,PRESENT,NA,HIGH,HIGH
2018,FLORIDA, MEASURED IN PCT OF AREA BEARING, AVG, INSECTICIDE,SPIROMESIFEN,(D),NA,NA,NA,NA,NA,NA
2018,FLORIDA, MEASURED IN PCT OF AREA BEARING, AVG, INSECTICIDE,THIAMETHOXAM,(D),NA,NA,NA,NA,HIGH,NA
2016,CALIFORNIA, MEASURED IN LB,NA, FUNGICIDE,AZOXYSTROBIN,"2,300",NA,NA,NA,NA,NA,NA
2016,CALIFORNIA, MEASURED IN LB,NA, FUNGICIDE,BOSCALID,"11,000",POSSIBLE,POSSIBLE,NA,NA,NA,SLIGHT
2016,CALIFORNIA, MEASURED IN LB,NA, FUNGICIDE,CAPTAN,"222,600",KNOWN,KNOWN,NA,NA,NA,HIGH
2016,CALIFORNIA, MEASURED IN LB,NA, FUNGICIDE,CYPRODINIL,"13,700",NA,NA,NA,NA,NA,NA
2016,CALIFORNIA, MEASURED IN LB,NA, FUNGICIDE,FENHEXAMID,"20,800",NA,NA,NA,NA,NA,NA
2016,CALIFORNIA, MEASURED IN LB,NA, FUNGICIDE,FLUDIOXONIL,"9,200",NA,NA,NA,NA,SLIGHT,NA
2016,CALIFORNIA, MEASURED IN LB,NA, FUNGICIDE,IPRODIONE,(D),KNOWN,KNOWN,NA,NA,NA,HIGH
2016,CALIFORNIA, MEASURED IN LB,NA, FUNGICIDE,MYCLOBUTANIL,"2,900",NA,NA,NA,PRESENT,NA,HIGH
2016,CALIFORNIA, MEASURED IN LB,NA, FUNGICIDE,PROPICONAZOLE,"2,200",POSSIBLE,POSSIBLE,NA,PRESENT,SLIGHT,HIGH
2016,CALIFORNIA, MEASURED IN LB,NA, FUNGICIDE,PYRACLOSTROBIN,"8,700",NA,NA,NA,NA,SLIGHT,NA
2016,CALIFORNIA, MEASURED IN LB,NA, FUNGICIDE,PYRIMETHANIL,"14,100",POSSIBLE,POSSIBLE,NA,NA,SLIGHT,MODERATE
2016,CALIFORNIA, MEASURED IN LB,NA, FUNGICIDE,TRIFLOXYSTROBIN,"1,900",NA,NA,NA,NA,NA,NA
2016,CALIFORNIA, MEASURED IN LB,NA, FUNGICIDE,TRIFLUMIZOLE,"5,600",NA,NA,NA,NA,SLIGHT,NA
2016,CALIFORNIA, MEASURED IN LB,NA, INSECTICIDE,ACETAMIPRID,"3,300",NA,NA,NA,NA,MODERATE,NA
2016,CALIFORNIA, MEASURED IN LB,NA, INSECTICIDE,BIFENAZATE,"6,200",NA,NA,NA,NA,MODERATE,NA
2016,CALIFORNIA, MEASURED IN LB,NA, INSECTICIDE,BIFENTHRIN,"2,700",POSSIBLE,POSSIBLE,NA,PRESENT,HIGH,HIGH
2016,CALIFORNIA, MEASURED IN LB,NA, INSECTICIDE,CARBARYL,(D),KNOWN,KNOWN,PRESENT,PRESENT,HIGH,HIGH
2016,CALIFORNIA, MEASURED IN LB,NA, INSECTICIDE,CHLORPYRIFOS,(D),NA,NA,PRESENT,NA,HIGH,HIGH
2016,CALIFORNIA, MEASURED IN LB,NA, INSECTICIDE,FENPROPATHRIN,"4,600",NA,NA,NA,NA,NA,NA
2016,CALIFORNIA, MEASURED IN LB,NA, INSECTICIDE,HEXYTHIAZOX,"1,100",PROBABLE,PROBABLE,NA,NA,NA,SLIGHT
2016,CALIFORNIA, MEASURED IN LB,NA, INSECTICIDE,IMIDACLOPRID,"2,900",NA,NA,NA,NA,HIGH,NA
2016,CALIFORNIA, MEASURED IN LB,NA, INSECTICIDE,MALATHION,"21,100",POSSIBLE,POSSIBLE,PRESENT,NA,HIGH,HIGH
2016,CALIFORNIA, MEASURED IN LB,NA, INSECTICIDE,METHOXYFENOZIDE,"2,500",NA,NA,NA,NA,SLIGHT,NA
2016,CALIFORNIA, MEASURED IN LB,NA, INSECTICIDE,PIPERONYL BUTOXIDE,(D),POSSIBLE,POSSIBLE,NA,NA,MODERATE,MODERATE
2016,CALIFORNIA, MEASURED IN LB,NA, INSECTICIDE,PYRIPROXYFEN,(D),NA,NA,NA,NA,SLIGHT,NA
2016,CALIFORNIA, MEASURED IN LB,NA, INSECTICIDE,SPIROMESIFEN,"2,900",NA,NA,NA,NA,NA,NA
2016,CALIFORNIA, MEASURED IN LB,NA, INSECTICIDE,THIAMETHOXAM,700,NA,NA,NA,NA,HIGH,NA
2016,CALIFORNIA, MEASURED IN LB / ACRE / APPLICATION, AVG, FUNGICIDE,AZOXYSTROBIN,0.227,NA,NA,NA,NA,NA,NA
2016,CALIFORNIA, MEASURED IN LB / ACRE / APPLICATION, AVG, FUNGICIDE,BOSCALID,0.352,POSSIBLE,POSSIBLE,NA,NA,NA,SLIGHT
2016,CALIFORNIA, MEASURED IN LB / ACRE / APPLICATION, AVG, FUNGICIDE,CAPTAN,1.659,KNOWN,KNOWN,NA,NA,NA,HIGH
2016,CALIFORNIA, MEASURED IN LB / ACRE / APPLICATION, AVG, FUNGICIDE,CYPRODINIL,0.327,NA,NA,NA,NA,NA,NA
2016,CALIFORNIA, MEASURED IN LB / ACRE / APPLICATION, AVG, FUNGICIDE,FENHEXAMID,0.715,NA,NA,NA,NA,NA,NA
2016,CALIFORNIA, MEASURED IN LB / ACRE / APPLICATION, AVG, FUNGICIDE,FLUDIOXONIL,0.218,NA,NA,NA,NA,SLIGHT,NA
2016,CALIFORNIA, MEASURED IN LB / ACRE / APPLICATION, AVG, FUNGICIDE,IPRODIONE,(D),KNOWN,KNOWN,NA,NA,NA,HIGH
2016,CALIFORNIA, MEASURED IN LB / ACRE / APPLICATION, AVG, FUNGICIDE,MYCLOBUTANIL,0.115,NA,NA,NA,PRESENT,NA,HIGH
2016,CALIFORNIA, MEASURED IN LB / ACRE / APPLICATION, AVG, FUNGICIDE,PROPICONAZOLE,0.112,POSSIBLE,POSSIBLE,NA,PRESENT,SLIGHT,HIGH
2016,CALIFORNIA, MEASURED IN LB / ACRE / APPLICATION, AVG, FUNGICIDE,PYRACLOSTROBIN,0.178,NA,NA,NA,NA,SLIGHT,NA
2016,CALIFORNIA, MEASURED IN LB / ACRE / APPLICATION, AVG, FUNGICIDE,PYRIMETHANIL,0.658,POSSIBLE,POSSIBLE,NA,NA,SLIGHT,MODERATE
2016,CALIFORNIA, MEASURED IN LB / ACRE / APPLICATION, AVG, FUNGICIDE,TRIFLOXYSTROBIN,0.108,NA,NA,NA,NA,NA,NA
2016,CALIFORNIA, MEASURED IN LB / ACRE / APPLICATION, AVG, FUNGICIDE,TRIFLUMIZOLE,0.234,NA,NA,NA,NA,SLIGHT,NA
2016,CALIFORNIA, MEASURED IN LB / ACRE / APPLICATION, AVG, INSECTICIDE,ACETAMIPRID,0.124,NA,NA,NA,NA,MODERATE,NA
2016,CALIFORNIA, MEASURED IN LB / ACRE / APPLICATION, AVG, INSECTICIDE,BIFENAZATE,0.499,NA,NA,NA,NA,MODERATE,NA
2016,CALIFORNIA, MEASURED IN LB / ACRE / APPLICATION, AVG, INSECTICIDE,BIFENTHRIN,0.107,POSSIBLE,POSSIBLE,NA,PRESENT,HIGH,HIGH
2016,CALIFORNIA, MEASURED IN LB / ACRE / APPLICATION, AVG, INSECTICIDE,CARBARYL,(D),KNOWN,KNOWN,PRESENT,PRESENT,HIGH,HIGH
2016,CALIFORNIA, MEASURED IN LB / ACRE / APPLICATION, AVG, INSECTICIDE,CHLORPYRIFOS,(D),NA,NA,PRESENT,NA,HIGH,HIGH
2016,CALIFORNIA, MEASURED IN LB / ACRE / APPLICATION, AVG, INSECTICIDE,FENPROPATHRIN,0.293,NA,NA,NA,NA,NA,NA
2016,CALIFORNIA, MEASURED IN LB / ACRE / APPLICATION, AVG, INSECTICIDE,HEXYTHIAZOX,0.188,PROBABLE,PROBABLE,NA,NA,NA,SLIGHT
2016,CALIFORNIA, MEASURED IN LB / ACRE / APPLICATION, AVG, INSECTICIDE,IMIDACLOPRID,0.477,NA,NA,NA,NA,HIGH,NA
2016,CALIFORNIA, MEASURED IN LB / ACRE / APPLICATION, AVG, INSECTICIDE,MALATHION,1.957,POSSIBLE,POSSIBLE,PRESENT,NA,HIGH,HIGH
2016,CALIFORNIA, MEASURED IN LB / ACRE / APPLICATION, AVG, INSECTICIDE,METHOXYFENOZIDE,0.173,NA,NA,NA,NA,SLIGHT,NA
2016,CALIFORNIA, MEASURED IN LB / ACRE / APPLICATION, AVG, INSECTICIDE,PIPERONYL BUTOXIDE,(D),POSSIBLE,POSSIBLE,NA,NA,MODERATE,MODERATE
2016,CALIFORNIA, MEASURED IN LB / ACRE / APPLICATION, AVG, INSECTICIDE,PYRIPROXYFEN,(D),NA,NA,NA,NA,SLIGHT,NA
2016,CALIFORNIA, MEASURED IN LB / ACRE / APPLICATION, AVG, INSECTICIDE,SPIROMESIFEN,0.25,NA,NA,NA,NA,NA,NA
2016,CALIFORNIA, MEASURED IN LB / ACRE / APPLICATION, AVG, INSECTICIDE,THIAMETHOXAM,0.062,NA,NA,NA,NA,HIGH,NA
2016,CALIFORNIA, MEASURED IN LB / ACRE / YEAR, AVG, FUNGICIDE,AZOXYSTROBIN,0.28,NA,NA,NA,NA,NA,NA
2016,CALIFORNIA, MEASURED IN LB / ACRE / YEAR, AVG, FUNGICIDE,BOSCALID,0.583,POSSIBLE,POSSIBLE,NA,NA,NA,SLIGHT
2016,CALIFORNIA, MEASURED IN LB / ACRE / YEAR, AVG, FUNGICIDE,CAPTAN,6.559,KNOWN,KNOWN,NA,NA,NA,HIGH
2016,CALIFORNIA, MEASURED IN LB / ACRE / YEAR, AVG, FUNGICIDE,CYPRODINIL,0.54,NA,NA,NA,NA,NA,NA
2016,CALIFORNIA, MEASURED IN LB / ACRE / YEAR, AVG, FUNGICIDE,FENHEXAMID,1.442,NA,NA,NA,NA,NA,NA
2016,CALIFORNIA, MEASURED IN LB / ACRE / YEAR, AVG, FUNGICIDE,FLUDIOXONIL,0.36,NA,NA,NA,NA,SLIGHT,NA
2016,CALIFORNIA, MEASURED IN LB / ACRE / YEAR, AVG, FUNGICIDE,IPRODIONE,(D),KNOWN,KNOWN,NA,NA,NA,HIGH
2016,CALIFORNIA, MEASURED IN LB / ACRE / YEAR, AVG, FUNGICIDE,MYCLOBUTANIL,0.186,NA,NA,NA,PRESENT,NA,HIGH
2016,CALIFORNIA, MEASURED IN LB / ACRE / YEAR, AVG, FUNGICIDE,PROPICONAZOLE,0.184,POSSIBLE,POSSIBLE,NA,PRESENT,SLIGHT,HIGH
2016,CALIFORNIA, MEASURED IN LB / ACRE / YEAR, AVG, FUNGICIDE,PYRACLOSTROBIN,0.35,NA,NA,NA,NA,SLIGHT,NA
2016,CALIFORNIA, MEASURED IN LB / ACRE / YEAR, AVG, FUNGICIDE,PYRIMETHANIL,1.106,POSSIBLE,POSSIBLE,NA,NA,SLIGHT,MODERATE
2016,CALIFORNIA, MEASURED IN LB / ACRE / YEAR, AVG, FUNGICIDE,TRIFLOXYSTROBIN,0.161,NA,NA,NA,NA,NA,NA
2016,CALIFORNIA, MEASURED IN LB / ACRE / YEAR, AVG, FUNGICIDE,TRIFLUMIZOLE,0.412,NA,NA,NA,NA,SLIGHT,NA
2016,CALIFORNIA, MEASURED IN LB / ACRE / YEAR, AVG, INSECTICIDE,ACETAMIPRID,0.188,NA,NA,NA,NA,MODERATE,NA
2016,CALIFORNIA, MEASURED IN LB / ACRE / YEAR, AVG, INSECTICIDE,BIFENAZATE,0.639,NA,NA,NA,NA,MODERATE,NA
2016,CALIFORNIA, MEASURED IN LB / ACRE / YEAR, AVG, INSECTICIDE,BIFENTHRIN,0.163,POSSIBLE,POSSIBLE,NA,PRESENT,HIGH,HIGH
2016,CALIFORNIA, MEASURED IN LB / ACRE / YEAR, AVG, INSECTICIDE,CARBARYL,(D),KNOWN,KNOWN,PRESENT,PRESENT,HIGH,HIGH
2016,CALIFORNIA, MEASURED IN LB / ACRE / YEAR, AVG, INSECTICIDE,CHLORPYRIFOS,(D),NA,NA,PRESENT,NA,HIGH,HIGH
2016,CALIFORNIA, MEASURED IN LB / ACRE / YEAR, AVG, INSECTICIDE,FENPROPATHRIN,0.435,NA,NA,NA,NA,NA,NA
2016,CALIFORNIA, MEASURED IN LB / ACRE / YEAR, AVG, INSECTICIDE,HEXYTHIAZOX,0.22,PROBABLE,PROBABLE,NA,NA,NA,SLIGHT
2016,CALIFORNIA, MEASURED IN LB / ACRE / YEAR, AVG, INSECTICIDE,IMIDACLOPRID,0.562,NA,NA,NA,NA,HIGH,NA
2016,CALIFORNIA, MEASURED IN LB / ACRE / YEAR, AVG, INSECTICIDE,MALATHION,2.808,POSSIBLE,POSSIBLE,PRESENT,NA,HIGH,HIGH
2016,CALIFORNIA, MEASURED IN LB / ACRE / YEAR, AVG, INSECTICIDE,METHOXYFENOZIDE,0.207,NA,NA,NA,NA,SLIGHT,NA
2016,CALIFORNIA, MEASURED IN LB / ACRE / YEAR, AVG, INSECTICIDE,PIPERONYL BUTOXIDE,(D),POSSIBLE,POSSIBLE,NA,NA,MODERATE,MODERATE
2016,CALIFORNIA, MEASURED IN LB / ACRE / YEAR, AVG, INSECTICIDE,PYRIPROXYFEN,(D),NA,NA,NA,NA,SLIGHT,NA
2016,CALIFORNIA, MEASURED IN LB / ACRE / YEAR, AVG, INSECTICIDE,SPIROMESIFEN,0.329,NA,NA,NA,NA,NA,NA
2016,CALIFORNIA, MEASURED IN LB / ACRE / YEAR, AVG, INSECTICIDE,THIAMETHOXAM,0.077,NA,NA,NA,NA,HIGH,NA
2016,CALIFORNIA, MEASURED IN NUMBER, AVG, FUNGICIDE,AZOXYSTROBIN,1.2,NA,NA,NA,NA,NA,NA
2016,CALIFORNIA, MEASURED IN NUMBER, AVG, FUNGICIDE,BOSCALID,1.7,POSSIBLE,POSSIBLE,NA,NA,NA,SLIGHT
2016,CALIFORNIA, MEASURED IN NUMBER, AVG, FUNGICIDE,CAPTAN,4,KNOWN,KNOWN,NA,NA,NA,HIGH
2016,CALIFORNIA, MEASURED IN NUMBER, AVG, FUNGICIDE,CYPRODINIL,1.6,NA,NA,NA,NA,NA,NA
2016,CALIFORNIA, MEASURED IN NUMBER, AVG, FUNGICIDE,FENHEXAMID,2,NA,NA,NA,NA,NA,NA
2016,CALIFORNIA, MEASURED IN NUMBER, AVG, FUNGICIDE,FLUDIOXONIL,1.6,NA,NA,NA,NA,SLIGHT,NA
2016,CALIFORNIA, MEASURED IN NUMBER, AVG, FUNGICIDE,IPRODIONE,(D),KNOWN,KNOWN,NA,NA,NA,HIGH
2016,CALIFORNIA, MEASURED IN NUMBER, AVG, FUNGICIDE,MYCLOBUTANIL,1.6,NA,NA,NA,PRESENT,NA,HIGH
2016,CALIFORNIA, MEASURED IN NUMBER, AVG, FUNGICIDE,PROPICONAZOLE,1.6,POSSIBLE,POSSIBLE,NA,PRESENT,SLIGHT,HIGH
2016,CALIFORNIA, MEASURED IN NUMBER, AVG, FUNGICIDE,PYRACLOSTROBIN,2,NA,NA,NA,NA,SLIGHT,NA
2016,CALIFORNIA, MEASURED IN NUMBER, AVG, FUNGICIDE,PYRIMETHANIL,1.7,POSSIBLE,POSSIBLE,NA,NA,SLIGHT,MODERATE
2016,CALIFORNIA, MEASURED IN NUMBER, AVG, FUNGICIDE,TRIFLOXYSTROBIN,1.5,NA,NA,NA,NA,NA,NA
2016,CALIFORNIA, MEASURED IN NUMBER, AVG, FUNGICIDE,TRIFLUMIZOLE,1.8,NA,NA,NA,NA,SLIGHT,NA
2016,CALIFORNIA, MEASURED IN NUMBER, AVG, INSECTICIDE,ACETAMIPRID,1.5,NA,NA,NA,NA,MODERATE,NA
2016,CALIFORNIA, MEASURED IN NUMBER, AVG, INSECTICIDE,BIFENAZATE,1.3,NA,NA,NA,NA,MODERATE,NA
2016,CALIFORNIA, MEASURED IN NUMBER, AVG, INSECTICIDE,BIFENTHRIN,1.5,POSSIBLE,POSSIBLE,NA,PRESENT,HIGH,HIGH
2016,CALIFORNIA, MEASURED IN NUMBER, AVG, INSECTICIDE,CARBARYL,(D),KNOWN,KNOWN,PRESENT,PRESENT,HIGH,HIGH
2016,CALIFORNIA, MEASURED IN NUMBER, AVG, INSECTICIDE,CHLORPYRIFOS,(D),NA,NA,PRESENT,NA,HIGH,HIGH
2016,CALIFORNIA, MEASURED IN NUMBER, AVG, INSECTICIDE,FENPROPATHRIN,1.5,NA,NA,NA,NA,NA,NA
2016,CALIFORNIA, MEASURED IN NUMBER, AVG, INSECTICIDE,HEXYTHIAZOX,1.2,PROBABLE,PROBABLE,NA,NA,NA,SLIGHT
2016,CALIFORNIA, MEASURED IN NUMBER, AVG, INSECTICIDE,IMIDACLOPRID,1.2,NA,NA,NA,NA,HIGH,NA
2016,CALIFORNIA, MEASURED IN NUMBER, AVG, INSECTICIDE,MALATHION,1.4,POSSIBLE,POSSIBLE,PRESENT,NA,HIGH,HIGH
2016,CALIFORNIA, MEASURED IN NUMBER, AVG, INSECTICIDE,METHOXYFENOZIDE,1.2,NA,NA,NA,NA,SLIGHT,NA
2016,CALIFORNIA, MEASURED IN NUMBER, AVG, INSECTICIDE,PIPERONYL BUTOXIDE,(D),POSSIBLE,POSSIBLE,NA,NA,MODERATE,MODERATE
2016,CALIFORNIA, MEASURED IN NUMBER, AVG, INSECTICIDE,PYRIPROXYFEN,(D),NA,NA,NA,NA,SLIGHT,NA
2016,CALIFORNIA, MEASURED IN NUMBER, AVG, INSECTICIDE,SPIROMESIFEN,1.3,NA,NA,NA,NA,NA,NA
2016,CALIFORNIA, MEASURED IN NUMBER, AVG, INSECTICIDE,THIAMETHOXAM,1.2,NA,NA,NA,NA,HIGH,NA
2016,CALIFORNIA, MEASURED IN PCT OF AREA BEARING, AVG, FUNGICIDE,AZOXYSTROBIN,22,NA,NA,NA,NA,NA,NA
2016,CALIFORNIA, MEASURED IN PCT OF AREA BEARING, AVG, FUNGICIDE,BOSCALID,49,POSSIBLE,POSSIBLE,NA,NA,NA,SLIGHT
2016,CALIFORNIA, MEASURED IN PCT OF AREA BEARING, AVG, FUNGICIDE,CAPTAN,88,KNOWN,KNOWN,NA,NA,NA,HIGH
2016,CALIFORNIA, MEASURED IN PCT OF AREA BEARING, AVG, FUNGICIDE,CYPRODINIL,66,NA,NA,NA,NA,NA,NA
2016,CALIFORNIA, MEASURED IN PCT OF AREA BEARING, AVG, FUNGICIDE,FENHEXAMID,37,NA,NA,NA,NA,NA,NA
2016,CALIFORNIA, MEASURED IN PCT OF AREA BEARING, AVG, FUNGICIDE,FLUDIOXONIL,66,NA,NA,NA,NA,SLIGHT,NA
2016,CALIFORNIA, MEASURED IN PCT OF AREA BEARING, AVG, FUNGICIDE,IPRODIONE,(D),KNOWN,KNOWN,NA,NA,NA,HIGH
2016,CALIFORNIA, MEASURED IN PCT OF AREA BEARING, AVG, FUNGICIDE,MYCLOBUTANIL,41,NA,NA,NA,PRESENT,NA,HIGH
2016,CALIFORNIA, MEASURED IN PCT OF AREA BEARING, AVG, FUNGICIDE,PROPICONAZOLE,31,POSSIBLE,POSSIBLE,NA,PRESENT,SLIGHT,HIGH
2016,CALIFORNIA, MEASURED IN PCT OF AREA BEARING, AVG, FUNGICIDE,PYRACLOSTROBIN,65,NA,NA,NA,NA,SLIGHT,NA
2016,CALIFORNIA, MEASURED IN PCT OF AREA BEARING, AVG, FUNGICIDE,PYRIMETHANIL,33,POSSIBLE,POSSIBLE,NA,NA,SLIGHT,MODERATE
2016,CALIFORNIA, MEASURED IN PCT OF AREA BEARING, AVG, FUNGICIDE,TRIFLOXYSTROBIN,31,NA,NA,NA,NA,NA,NA
2016,CALIFORNIA, MEASURED IN PCT OF AREA BEARING, AVG, FUNGICIDE,TRIFLUMIZOLE,35,NA,NA,NA,NA,SLIGHT,NA
2016,CALIFORNIA, MEASURED IN PCT OF AREA BEARING, AVG, INSECTICIDE,ACETAMIPRID,46,NA,NA,NA,NA,MODERATE,NA
2016,CALIFORNIA, MEASURED IN PCT OF AREA BEARING, AVG, INSECTICIDE,BIFENAZATE,25,NA,NA,NA,NA,MODERATE,NA
2016,CALIFORNIA, MEASURED IN PCT OF AREA BEARING, AVG, INSECTICIDE,BIFENTHRIN,43,POSSIBLE,POSSIBLE,NA,PRESENT,HIGH,HIGH
2016,CALIFORNIA, MEASURED IN PCT OF AREA BEARING, AVG, INSECTICIDE,CARBARYL,(D),KNOWN,KNOWN,PRESENT,PRESENT,HIGH,HIGH
2016,CALIFORNIA, MEASURED IN PCT OF AREA BEARING, AVG, INSECTICIDE,CHLORPYRIFOS,(D),NA,NA,PRESENT,NA,HIGH,HIGH
2016,CALIFORNIA, MEASURED IN PCT OF AREA BEARING, AVG, INSECTICIDE,FENPROPATHRIN,27,NA,NA,NA,NA,NA,NA
2016,CALIFORNIA, MEASURED IN PCT OF AREA BEARING, AVG, INSECTICIDE,HEXYTHIAZOX,13,PROBABLE,PROBABLE,NA,NA,NA,SLIGHT
2016,CALIFORNIA, MEASURED IN PCT OF AREA BEARING, AVG, INSECTICIDE,IMIDACLOPRID,13,NA,NA,NA,NA,HIGH,NA
2016,CALIFORNIA, MEASURED IN PCT OF AREA BEARING, AVG, INSECTICIDE,MALATHION,20,POSSIBLE,POSSIBLE,PRESENT,NA,HIGH,HIGH
2016,CALIFORNIA, MEASURED IN PCT OF AREA BEARING, AVG, INSECTICIDE,METHOXYFENOZIDE,32,NA,NA,NA,NA,SLIGHT,NA
2016,CALIFORNIA, MEASURED IN PCT OF AREA BEARING, AVG, INSECTICIDE,PIPERONYL BUTOXIDE,(D),POSSIBLE,POSSIBLE,NA,NA,MODERATE,MODERATE
2016,CALIFORNIA, MEASURED IN PCT OF AREA BEARING, AVG, INSECTICIDE,PYRIPROXYFEN,(D),NA,NA,NA,NA,SLIGHT,NA
2016,CALIFORNIA, MEASURED IN PCT OF AREA BEARING, AVG, INSECTICIDE,SPIROMESIFEN,23,NA,NA,NA,NA,NA,NA
2016,CALIFORNIA, MEASURED IN PCT OF AREA BEARING, AVG, INSECTICIDE,THIAMETHOXAM,24,NA,NA,NA,NA,HIGH,NA
2016,FLORIDA, MEASURED IN LB,NA, FUNGICIDE,AZOXYSTROBIN,"2,600",NA,NA,NA,NA,NA,NA
2016,FLORIDA, MEASURED IN LB,NA, FUNGICIDE,BOSCALID,(D),POSSIBLE,POSSIBLE,NA,NA,NA,SLIGHT
2016,FLORIDA, MEASURED IN LB,NA, FUNGICIDE,CAPTAN,"161,800",KNOWN,KNOWN,NA,NA,NA,HIGH
2016,FLORIDA, MEASURED IN LB,NA, FUNGICIDE,CYPRODINIL,"7,000",NA,NA,NA,NA,NA,NA
2016,FLORIDA, MEASURED IN LB,NA, FUNGICIDE,FENHEXAMID,(D),NA,NA,NA,NA,NA,NA
2016,FLORIDA, MEASURED IN LB,NA, FUNGICIDE,FLUDIOXONIL,"4,500",NA,NA,NA,NA,SLIGHT,NA
2016,FLORIDA, MEASURED IN LB,NA, FUNGICIDE,IPRODIONE,(D),KNOWN,KNOWN,NA,NA,NA,HIGH
2016,FLORIDA, MEASURED IN LB,NA, FUNGICIDE,MYCLOBUTANIL,(D),NA,NA,NA,PRESENT,NA,HIGH
2016,FLORIDA, MEASURED IN LB,NA, FUNGICIDE,PROPICONAZOLE,(D),POSSIBLE,POSSIBLE,NA,PRESENT,SLIGHT,HIGH
2016,FLORIDA, MEASURED IN LB,NA, FUNGICIDE,PYRACLOSTROBIN,(D),NA,NA,NA,NA,SLIGHT,NA
2016,FLORIDA, MEASURED IN LB,NA, FUNGICIDE,PYRIMETHANIL,(D),POSSIBLE,POSSIBLE,NA,NA,SLIGHT,MODERATE
2016,FLORIDA, MEASURED IN LB,NA, FUNGICIDE,TRIFLUMIZOLE,(D),NA,NA,NA,NA,SLIGHT,NA
2016,FLORIDA, MEASURED IN LB,NA, INSECTICIDE,ACETAMIPRID,(D),NA,NA,NA,NA,MODERATE,NA
2016,FLORIDA, MEASURED IN LB,NA, INSECTICIDE,BIFENAZATE,"8,700",NA,NA,NA,NA,MODERATE,NA
2016,FLORIDA, MEASURED IN LB,NA, INSECTICIDE,BIFENTHRIN,800,POSSIBLE,POSSIBLE,NA,PRESENT,HIGH,HIGH
2016,FLORIDA, MEASURED IN LB,NA, INSECTICIDE,HEXYTHIAZOX,(D),PROBABLE,PROBABLE,NA,NA,NA,SLIGHT
2016,FLORIDA, MEASURED IN LB,NA, INSECTICIDE,MALATHION,(D),POSSIBLE,POSSIBLE,PRESENT,NA,HIGH,HIGH
2016,FLORIDA, MEASURED IN LB,NA, INSECTICIDE,PIPERONYL BUTOXIDE,(D),POSSIBLE,POSSIBLE,NA,NA,MODERATE,MODERATE
2016,FLORIDA, MEASURED IN LB,NA, INSECTICIDE,SPIROMESIFEN,(D),NA,NA,NA,NA,NA,NA
2016,FLORIDA, MEASURED IN LB,NA, INSECTICIDE,THIAMETHOXAM,(D),NA,NA,NA,NA,HIGH,NA
2016,FLORIDA, MEASURED IN LB / ACRE / APPLICATION, AVG, FUNGICIDE,AZOXYSTROBIN,0.114,NA,NA,NA,NA,NA,NA
2016,FLORIDA, MEASURED IN LB / ACRE / APPLICATION, AVG, FUNGICIDE,BOSCALID,(D),POSSIBLE,POSSIBLE,NA,NA,NA,SLIGHT
2016,FLORIDA, MEASURED IN LB / ACRE / APPLICATION, AVG, FUNGICIDE,CAPTAN,1.909,KNOWN,KNOWN,NA,NA,NA,HIGH
2016,FLORIDA, MEASURED IN LB / ACRE / APPLICATION, AVG, FUNGICIDE,CYPRODINIL,0.322,NA,NA,NA,NA,NA,NA
2016,FLORIDA, MEASURED IN LB / ACRE / APPLICATION, AVG, FUNGICIDE,FENHEXAMID,(D),NA,NA,NA,NA,NA,NA
2016,FLORIDA, MEASURED IN LB / ACRE / APPLICATION, AVG, FUNGICIDE,FLUDIOXONIL,0.224,NA,NA,NA,NA,SLIGHT,NA
2016,FLORIDA, MEASURED IN LB / ACRE / APPLICATION, AVG, FUNGICIDE,IPRODIONE,(D),KNOWN,KNOWN,NA,NA,NA,HIGH
2016,FLORIDA, MEASURED IN LB / ACRE / APPLICATION, AVG, FUNGICIDE,MYCLOBUTANIL,(D),NA,NA,NA,PRESENT,NA,HIGH
2016,FLORIDA, MEASURED IN LB / ACRE / APPLICATION, AVG, FUNGICIDE,PROPICONAZOLE,(D),POSSIBLE,POSSIBLE,NA,PRESENT,SLIGHT,HIGH
2016,FLORIDA, MEASURED IN LB / ACRE / APPLICATION, AVG, FUNGICIDE,PYRACLOSTROBIN,(D),NA,NA,NA,NA,SLIGHT,NA
2016,FLORIDA, MEASURED IN LB / ACRE / APPLICATION, AVG, FUNGICIDE,PYRIMETHANIL,(D),POSSIBLE,POSSIBLE,NA,NA,SLIGHT,MODERATE
2016,FLORIDA, MEASURED IN LB / ACRE / APPLICATION, AVG, FUNGICIDE,TRIFLUMIZOLE,(D),NA,NA,NA,NA,SLIGHT,NA
2016,FLORIDA, MEASURED IN LB / ACRE / APPLICATION, AVG, INSECTICIDE,ACETAMIPRID,(D),NA,NA,NA,NA,MODERATE,NA
2016,FLORIDA, MEASURED IN LB / ACRE / APPLICATION, AVG, INSECTICIDE,BIFENAZATE,0.46,NA,NA,NA,NA,MODERATE,NA
2016,FLORIDA, MEASURED IN LB / ACRE / APPLICATION, AVG, INSECTICIDE,BIFENTHRIN,0.117,POSSIBLE,POSSIBLE,NA,PRESENT,HIGH,HIGH
2016,FLORIDA, MEASURED IN LB / ACRE / APPLICATION, AVG, INSECTICIDE,HEXYTHIAZOX,(D),PROBABLE,PROBABLE,NA,NA,NA,SLIGHT
2016,FLORIDA, MEASURED IN LB / ACRE / APPLICATION, AVG, INSECTICIDE,MALATHION,(D),POSSIBLE,POSSIBLE,PRESENT,NA,HIGH,HIGH
2016,FLORIDA, MEASURED IN LB / ACRE / APPLICATION, AVG, INSECTICIDE,PIPERONYL BUTOXIDE,(D),POSSIBLE,POSSIBLE,NA,NA,MODERATE,MODERATE
2016,FLORIDA, MEASURED IN LB / ACRE / APPLICATION, AVG, INSECTICIDE,SPIROMESIFEN,(D),NA,NA,NA,NA,NA,NA
2016,FLORIDA, MEASURED IN LB / ACRE / APPLICATION, AVG, INSECTICIDE,THIAMETHOXAM,(D),NA,NA,NA,NA,HIGH,NA
2016,FLORIDA, MEASURED IN LB / ACRE / YEAR, AVG, FUNGICIDE,AZOXYSTROBIN,0.255,NA,NA,NA,NA,NA,NA
2016,FLORIDA, MEASURED IN LB / ACRE / YEAR, AVG, FUNGICIDE,BOSCALID,(D),POSSIBLE,POSSIBLE,NA,NA,NA,SLIGHT
2016,FLORIDA, MEASURED IN LB / ACRE / YEAR, AVG, FUNGICIDE,CAPTAN,15.109,KNOWN,KNOWN,NA,NA,NA,HIGH
2016,FLORIDA, MEASURED IN LB / ACRE / YEAR, AVG, FUNGICIDE,CYPRODINIL,0.666,NA,NA,NA,NA,NA,NA
2016,FLORIDA, MEASURED IN LB / ACRE / YEAR, AVG, FUNGICIDE,FENHEXAMID,(D),NA,NA,NA,NA,NA,NA
2016,FLORIDA, MEASURED IN LB / ACRE / YEAR, AVG, FUNGICIDE,FLUDIOXONIL,0.423,NA,NA,NA,NA,SLIGHT,NA
2016,FLORIDA, MEASURED IN LB / ACRE / YEAR, AVG, FUNGICIDE,IPRODIONE,(D),KNOWN,KNOWN,NA,NA,NA,HIGH
2016,FLORIDA, MEASURED IN LB / ACRE / YEAR, AVG, FUNGICIDE,MYCLOBUTANIL,(D),NA,NA,NA,PRESENT,NA,HIGH
2016,FLORIDA, MEASURED IN LB / ACRE / YEAR, AVG, FUNGICIDE,PROPICONAZOLE,(D),POSSIBLE,POSSIBLE,NA,PRESENT,SLIGHT,HIGH
2016,FLORIDA, MEASURED IN LB / ACRE / YEAR, AVG, FUNGICIDE,PYRACLOSTROBIN,(D),NA,NA,NA,NA,SLIGHT,NA
2016,FLORIDA, MEASURED IN LB / ACRE / YEAR, AVG, FUNGICIDE,PYRIMETHANIL,(D),POSSIBLE,POSSIBLE,NA,NA,SLIGHT,MODERATE
2016,FLORIDA, MEASURED IN LB / ACRE / YEAR, AVG, FUNGICIDE,TRIFLUMIZOLE,(D),NA,NA,NA,NA,SLIGHT,NA
2016,FLORIDA, MEASURED IN LB / ACRE / YEAR, AVG, INSECTICIDE,ACETAMIPRID,(D),NA,NA,NA,NA,MODERATE,NA
2016,FLORIDA, MEASURED IN LB / ACRE / YEAR, AVG, INSECTICIDE,BIFENAZATE,0.84,NA,NA,NA,NA,MODERATE,NA
2016,FLORIDA, MEASURED IN LB / ACRE / YEAR, AVG, INSECTICIDE,BIFENTHRIN,0.162,POSSIBLE,POSSIBLE,NA,PRESENT,HIGH,HIGH
2016,FLORIDA, MEASURED IN LB / ACRE / YEAR, AVG, INSECTICIDE,HEXYTHIAZOX,(D),PROBABLE,PROBABLE,NA,NA,NA,SLIGHT
2016,FLORIDA, MEASURED IN LB / ACRE / YEAR, AVG, INSECTICIDE,MALATHION,(D),POSSIBLE,POSSIBLE,PRESENT,NA,HIGH,HIGH
2016,FLORIDA, MEASURED IN LB / ACRE / YEAR, AVG, INSECTICIDE,PIPERONYL BUTOXIDE,(D),POSSIBLE,POSSIBLE,NA,NA,MODERATE,MODERATE
2016,FLORIDA, MEASURED IN LB / ACRE / YEAR, AVG, INSECTICIDE,SPIROMESIFEN,(D),NA,NA,NA,NA,NA,NA
2016,FLORIDA, MEASURED IN LB / ACRE / YEAR, AVG, INSECTICIDE,THIAMETHOXAM,(D),NA,NA,NA,NA,HIGH,NA
2016,FLORIDA, MEASURED IN NUMBER, AVG, FUNGICIDE,AZOXYSTROBIN,2.2,NA,NA,NA,NA,NA,NA
2016,FLORIDA, MEASURED IN NUMBER, AVG, FUNGICIDE,BOSCALID,(D),POSSIBLE,POSSIBLE,NA,NA,NA,SLIGHT
2016,FLORIDA, MEASURED IN NUMBER, AVG, FUNGICIDE,CAPTAN,7.9,KNOWN,KNOWN,NA,NA,NA,HIGH
2016,FLORIDA, MEASURED IN NUMBER, AVG, FUNGICIDE,CYPRODINIL,2.1,NA,NA,NA,NA,NA,NA
2016,FLORIDA, MEASURED IN NUMBER, AVG, FUNGICIDE,FENHEXAMID,(D),NA,NA,NA,NA,NA,NA
2016,FLORIDA, MEASURED IN NUMBER, AVG, FUNGICIDE,FLUDIOXONIL,1.9,NA,NA,NA,NA,SLIGHT,NA
2016,FLORIDA, MEASURED IN NUMBER, AVG, FUNGICIDE,IPRODIONE,(D),KNOWN,KNOWN,NA,NA,NA,HIGH
2016,FLORIDA, MEASURED IN NUMBER, AVG, FUNGICIDE,MYCLOBUTANIL,(D),NA,NA,NA,PRESENT,NA,HIGH
2016,FLORIDA, MEASURED IN NUMBER, AVG, FUNGICIDE,PROPICONAZOLE,(D),POSSIBLE,POSSIBLE,NA,PRESENT,SLIGHT,HIGH
2016,FLORIDA, MEASURED IN NUMBER, AVG, FUNGICIDE,PYRACLOSTROBIN,(D),NA,NA,NA,NA,SLIGHT,NA
2016,FLORIDA, MEASURED IN NUMBER, AVG, FUNGICIDE,PYRIMETHANIL,(D),POSSIBLE,POSSIBLE,NA,NA,SLIGHT,MODERATE
2016,FLORIDA, MEASURED IN NUMBER, AVG, FUNGICIDE,TRIFLUMIZOLE,(D),NA,NA,NA,NA,SLIGHT,NA
2016,FLORIDA, MEASURED IN NUMBER, AVG, INSECTICIDE,ACETAMIPRID,(D),NA,NA,NA,NA,MODERATE,NA
2016,FLORIDA, MEASURED IN NUMBER, AVG, INSECTICIDE,BIFENAZATE,1.8,NA,NA,NA,NA,MODERATE,NA
2016,FLORIDA, MEASURED IN NUMBER, AVG, INSECTICIDE,BIFENTHRIN,1.4,POSSIBLE,POSSIBLE,NA,PRESENT,HIGH,HIGH
2016,FLORIDA, MEASURED IN NUMBER, AVG, INSECTICIDE,HEXYTHIAZOX,(D),PROBABLE,PROBABLE,NA,NA,NA,SLIGHT
2016,FLORIDA, MEASURED IN NUMBER, AVG, INSECTICIDE,MALATHION,(D),POSSIBLE,POSSIBLE,PRESENT,NA,HIGH,HIGH
2016,FLORIDA, MEASURED IN NUMBER, AVG, INSECTICIDE,PIPERONYL BUTOXIDE,(D),POSSIBLE,POSSIBLE,NA,NA,MODERATE,MODERATE
2016,FLORIDA, MEASURED IN NUMBER, AVG, INSECTICIDE,SPIROMESIFEN,(D),NA,NA,NA,NA,NA,NA
2016,FLORIDA, MEASURED IN NUMBER, AVG, INSECTICIDE,THIAMETHOXAM,(D),NA,NA,NA,NA,HIGH,NA
2016,FLORIDA, MEASURED IN PCT OF AREA BEARING, AVG, FUNGICIDE,AZOXYSTROBIN,95,NA,NA,NA,NA,NA,NA
2016,FLORIDA, MEASURED IN PCT OF AREA BEARING, AVG, FUNGICIDE,BOSCALID,(D),POSSIBLE,POSSIBLE,NA,NA,NA,SLIGHT
2016,FLORIDA, MEASURED IN PCT OF AREA BEARING, AVG, FUNGICIDE,CAPTAN,99,KNOWN,KNOWN,NA,NA,NA,HIGH
2016,FLORIDA, MEASURED IN PCT OF AREA BEARING, AVG, FUNGICIDE,CYPRODINIL,97,NA,NA,NA,NA,NA,NA
2016,FLORIDA, MEASURED IN PCT OF AREA BEARING, AVG, FUNGICIDE,FENHEXAMID,(D),NA,NA,NA,NA,NA,NA
2016,FLORIDA, MEASURED IN PCT OF AREA BEARING, AVG, FUNGICIDE,FLUDIOXONIL,97,NA,NA,NA,NA,SLIGHT,NA
2016,FLORIDA, MEASURED IN PCT OF AREA BEARING, AVG, FUNGICIDE,IPRODIONE,(D),KNOWN,KNOWN,NA,NA,NA,HIGH
2016,FLORIDA, MEASURED IN PCT OF AREA BEARING, AVG, FUNGICIDE,MYCLOBUTANIL,(D),NA,NA,NA,PRESENT,NA,HIGH
2016,FLORIDA, MEASURED IN PCT OF AREA BEARING, AVG, FUNGICIDE,PROPICONAZOLE,(D),POSSIBLE,POSSIBLE,NA,PRESENT,SLIGHT,HIGH
2016,FLORIDA, MEASURED IN PCT OF AREA BEARING, AVG, FUNGICIDE,PYRACLOSTROBIN,(D),NA,NA,NA,NA,SLIGHT,NA
2016,FLORIDA, MEASURED IN PCT OF AREA BEARING, AVG, FUNGICIDE,PYRIMETHANIL,(D),POSSIBLE,POSSIBLE,NA,NA,SLIGHT,MODERATE
2016,FLORIDA, MEASURED IN PCT OF AREA BEARING, AVG, FUNGICIDE,TRIFLUMIZOLE,(D),NA,NA,NA,NA,SLIGHT,NA
2016,FLORIDA, MEASURED IN PCT OF AREA BEARING, AVG, INSECTICIDE,ACETAMIPRID,(D),NA,NA,NA,NA,MODERATE,NA
2016,FLORIDA, MEASURED IN PCT OF AREA BEARING, AVG, INSECTICIDE,BIFENAZATE,96,NA,NA,NA,NA,MODERATE,NA
2016,FLORIDA, MEASURED IN PCT OF AREA BEARING, AVG, INSECTICIDE,BIFENTHRIN,44,POSSIBLE,POSSIBLE,NA,PRESENT,HIGH,HIGH
2016,FLORIDA, MEASURED IN PCT OF AREA BEARING, AVG, INSECTICIDE,HEXYTHIAZOX,(D),PROBABLE,PROBABLE,NA,NA,NA,SLIGHT
2016,FLORIDA, MEASURED IN PCT OF AREA BEARING, AVG, INSECTICIDE,MALATHION,(D),POSSIBLE,POSSIBLE,PRESENT,NA,HIGH,HIGH
2016,FLORIDA, MEASURED IN PCT OF AREA BEARING, AVG, INSECTICIDE,PIPERONYL BUTOXIDE,(D),POSSIBLE,POSSIBLE,NA,NA,MODERATE,MODERATE
2016,FLORIDA, MEASURED IN PCT OF AREA BEARING, AVG, INSECTICIDE,SPIROMESIFEN,(D),NA,NA,NA,NA,NA,NA
2016,FLORIDA, MEASURED IN PCT OF AREA BEARING, AVG, INSECTICIDE,THIAMETHOXAM,(D),NA,NA,NA,NA,HIGH,NA
2016,OREGON, MEASURED IN LB,NA, FUNGICIDE,BOSCALID,(D),POSSIBLE,POSSIBLE,NA,NA,NA,SLIGHT
2016,OREGON, MEASURED IN LB,NA, FUNGICIDE,CAPTAN,(D),KNOWN,KNOWN,NA,NA,NA,HIGH
2016,OREGON, MEASURED IN LB,NA, FUNGICIDE,CYPRODINIL,(D),NA,NA,NA,NA,NA,NA
2016,OREGON, MEASURED IN LB,NA, FUNGICIDE,FENHEXAMID,(D),NA,NA,NA,NA,NA,NA
2016,OREGON, MEASURED IN LB,NA, FUNGICIDE,FLUDIOXONIL,(D),NA,NA,NA,NA,SLIGHT,NA
2016,OREGON, MEASURED IN LB,NA, FUNGICIDE,MYCLOBUTANIL,(D),NA,NA,NA,PRESENT,NA,HIGH
2016,OREGON, MEASURED IN LB,NA, FUNGICIDE,PYRACLOSTROBIN,(D),NA,NA,NA,NA,SLIGHT,NA
2016,OREGON, MEASURED IN LB,NA, INSECTICIDE,BIFENTHRIN,(D),POSSIBLE,POSSIBLE,NA,PRESENT,HIGH,HIGH
2016,OREGON, MEASURED IN LB,NA, INSECTICIDE,MALATHION,(D),POSSIBLE,POSSIBLE,PRESENT,NA,HIGH,HIGH
2016,OREGON, MEASURED IN LB / ACRE / APPLICATION, AVG, FUNGICIDE,BOSCALID,(D),POSSIBLE,POSSIBLE,NA,NA,NA,SLIGHT
2016,OREGON, MEASURED IN LB / ACRE / APPLICATION, AVG, FUNGICIDE,CAPTAN,(D),KNOWN,KNOWN,NA,NA,NA,HIGH
2016,OREGON, MEASURED IN LB / ACRE / APPLICATION, AVG, FUNGICIDE,CYPRODINIL,(D),NA,NA,NA,NA,NA,NA
2016,OREGON, MEASURED IN LB / ACRE / APPLICATION, AVG, FUNGICIDE,FENHEXAMID,(D),NA,NA,NA,NA,NA,NA
2016,OREGON, MEASURED IN LB / ACRE / APPLICATION, AVG, FUNGICIDE,FLUDIOXONIL,(D),NA,NA,NA,NA,SLIGHT,NA
2016,OREGON, MEASURED IN LB / ACRE / APPLICATION, AVG, FUNGICIDE,MYCLOBUTANIL,(D),NA,NA,NA,PRESENT,NA,HIGH
2016,OREGON, MEASURED IN LB / ACRE / APPLICATION, AVG, FUNGICIDE,PYRACLOSTROBIN,(D),NA,NA,NA,NA,SLIGHT,NA
2016,OREGON, MEASURED IN LB / ACRE / APPLICATION, AVG, INSECTICIDE,BIFENTHRIN,(D),POSSIBLE,POSSIBLE,NA,PRESENT,HIGH,HIGH
2016,OREGON, MEASURED IN LB / ACRE / APPLICATION, AVG, INSECTICIDE,MALATHION,(D),POSSIBLE,POSSIBLE,PRESENT,NA,HIGH,HIGH
2016,OREGON, MEASURED IN LB / ACRE / YEAR, AVG, FUNGICIDE,BOSCALID,(D),POSSIBLE,POSSIBLE,NA,NA,NA,SLIGHT
2016,OREGON, MEASURED IN LB / ACRE / YEAR, AVG, FUNGICIDE,CAPTAN,(D),KNOWN,KNOWN,NA,NA,NA,HIGH
2016,OREGON, MEASURED IN LB / ACRE / YEAR, AVG, FUNGICIDE,CYPRODINIL,(D),NA,NA,NA,NA,NA,NA
2016,OREGON, MEASURED IN LB / ACRE / YEAR, AVG, FUNGICIDE,FENHEXAMID,(D),NA,NA,NA,NA,NA,NA
2016,OREGON, MEASURED IN LB / ACRE / YEAR, AVG, FUNGICIDE,FLUDIOXONIL,(D),NA,NA,NA,NA,SLIGHT,NA
2016,OREGON, MEASURED IN LB / ACRE / YEAR, AVG, FUNGICIDE,MYCLOBUTANIL,(D),NA,NA,NA,PRESENT,NA,HIGH
2016,OREGON, MEASURED IN LB / ACRE / YEAR, AVG, FUNGICIDE,PYRACLOSTROBIN,(D),NA,NA,NA,NA,SLIGHT,NA
2016,OREGON, MEASURED IN LB / ACRE / YEAR, AVG, INSECTICIDE,BIFENTHRIN,(D),POSSIBLE,POSSIBLE,NA,PRESENT,HIGH,HIGH
2016,OREGON, MEASURED IN LB / ACRE / YEAR, AVG, INSECTICIDE,MALATHION,(D),POSSIBLE,POSSIBLE,PRESENT,NA,HIGH,HIGH
2016,OREGON, MEASURED IN NUMBER, AVG, FUNGICIDE,BOSCALID,(D),POSSIBLE,POSSIBLE,NA,NA,NA,SLIGHT
2016,OREGON, MEASURED IN NUMBER, AVG, FUNGICIDE,CAPTAN,(D),KNOWN,KNOWN,NA,NA,NA,HIGH
2016,OREGON, MEASURED IN NUMBER, AVG, FUNGICIDE,CYPRODINIL,(D),NA,NA,NA,NA,NA,NA
2016,OREGON, MEASURED IN NUMBER, AVG, FUNGICIDE,FENHEXAMID,(D),NA,NA,NA,NA,NA,NA
2016,OREGON, MEASURED IN NUMBER, AVG, FUNGICIDE,FLUDIOXONIL,(D),NA,NA,NA,NA,SLIGHT,NA
2016,OREGON, MEASURED IN NUMBER, AVG, FUNGICIDE,MYCLOBUTANIL,(D),NA,NA,NA,PRESENT,NA,HIGH
2016,OREGON, MEASURED IN NUMBER, AVG, FUNGICIDE,PYRACLOSTROBIN,(D),NA,NA,NA,NA,SLIGHT,NA
2016,OREGON, MEASURED IN NUMBER, AVG, INSECTICIDE,BIFENTHRIN,(D),POSSIBLE,POSSIBLE,NA,PRESENT,HIGH,HIGH
2016,OREGON, MEASURED IN NUMBER, AVG, INSECTICIDE,MALATHION,(D),POSSIBLE,POSSIBLE,PRESENT,NA,HIGH,HIGH
2016,OREGON, MEASURED IN PCT OF AREA BEARING, AVG, FUNGICIDE,BOSCALID,(D),POSSIBLE,POSSIBLE,NA,NA,NA,SLIGHT
2016,OREGON, MEASURED IN PCT OF AREA BEARING, AVG, FUNGICIDE,CAPTAN,(D),KNOWN,KNOWN,NA,NA,NA,HIGH
2016,OREGON, MEASURED IN PCT OF AREA BEARING, AVG, FUNGICIDE,CYPRODINIL,(D),NA,NA,NA,NA,NA,NA
2016,OREGON, MEASURED IN PCT OF AREA BEARING, AVG, FUNGICIDE,FENHEXAMID,(D),NA,NA,NA,NA,NA,NA
2016,OREGON, MEASURED IN PCT OF AREA BEARING, AVG, FUNGICIDE,FLUDIOXONIL,(D),NA,NA,NA,NA,SLIGHT,NA
2016,OREGON, MEASURED IN PCT OF AREA BEARING, AVG, FUNGICIDE,MYCLOBUTANIL,(D),NA,NA,NA,PRESENT,NA,HIGH
2016,OREGON, MEASURED IN PCT OF AREA BEARING, AVG, FUNGICIDE,PYRACLOSTROBIN,(D),NA,NA,NA,NA,SLIGHT,NA
2016,OREGON, MEASURED IN PCT OF AREA BEARING, AVG, INSECTICIDE,BIFENTHRIN,(D),POSSIBLE,POSSIBLE,NA,PRESENT,HIGH,HIGH
2016,OREGON, MEASURED IN PCT OF AREA BEARING, AVG, INSECTICIDE,MALATHION,(D),POSSIBLE,POSSIBLE,PRESENT,NA,HIGH,HIGH
2016,WASHINGTON, MEASURED IN LB,NA, FUNGICIDE,BOSCALID,100,POSSIBLE,POSSIBLE,NA,NA,NA,SLIGHT
2016,WASHINGTON, MEASURED IN LB,NA, FUNGICIDE,CAPTAN,(D),KNOWN,KNOWN,NA,NA,NA,HIGH
2016,WASHINGTON, MEASURED IN LB,NA, FUNGICIDE,CYPRODINIL,(D),NA,NA,NA,NA,NA,NA
2016,WASHINGTON, MEASURED IN LB,NA, FUNGICIDE,FENHEXAMID,(D),NA,NA,NA,NA,NA,NA
2016,WASHINGTON, MEASURED IN LB,NA, FUNGICIDE,FLUDIOXONIL,(D),NA,NA,NA,NA,SLIGHT,NA
2016,WASHINGTON, MEASURED IN LB,NA, FUNGICIDE,IPRODIONE,(D),KNOWN,KNOWN,NA,NA,NA,HIGH
2016,WASHINGTON, MEASURED IN LB,NA, FUNGICIDE,MYCLOBUTANIL,(D),NA,NA,NA,PRESENT,NA,HIGH
2016,WASHINGTON, MEASURED IN LB,NA, FUNGICIDE,PYRACLOSTROBIN,200,NA,NA,NA,NA,SLIGHT,NA
2016,WASHINGTON, MEASURED IN LB,NA, FUNGICIDE,PYRIMETHANIL,(D),POSSIBLE,POSSIBLE,NA,NA,SLIGHT,MODERATE
2016,WASHINGTON, MEASURED IN LB,NA, INSECTICIDE,ACETAMIPRID,(D),NA,NA,NA,NA,MODERATE,NA
2016,WASHINGTON, MEASURED IN LB,NA, INSECTICIDE,BIFENTHRIN,(D),POSSIBLE,POSSIBLE,NA,PRESENT,HIGH,HIGH
2016,WASHINGTON, MEASURED IN LB,NA, INSECTICIDE,THIAMETHOXAM,(D),NA,NA,NA,NA,HIGH,NA
2016,WASHINGTON, MEASURED IN LB / ACRE / APPLICATION, AVG, FUNGICIDE,BOSCALID,0.276,POSSIBLE,POSSIBLE,NA,NA,NA,SLIGHT
2016,WASHINGTON, MEASURED IN LB / ACRE / APPLICATION, AVG, FUNGICIDE,CAPTAN,(D),KNOWN,KNOWN,NA,NA,NA,HIGH
2016,WASHINGTON, MEASURED IN LB / ACRE / APPLICATION, AVG, FUNGICIDE,CYPRODINIL,(D),NA,NA,NA,NA,NA,NA
2016,WASHINGTON, MEASURED IN LB / ACRE / APPLICATION, AVG, FUNGICIDE,FENHEXAMID,(D),NA,NA,NA,NA,NA,NA
2016,WASHINGTON, MEASURED IN LB / ACRE / APPLICATION, AVG, FUNGICIDE,FLUDIOXONIL,(D),NA,NA,NA,NA,SLIGHT,NA
2016,WASHINGTON, MEASURED IN LB / ACRE / APPLICATION, AVG, FUNGICIDE,IPRODIONE,(D),KNOWN,KNOWN,NA,NA,NA,HIGH
2016,WASHINGTON, MEASURED IN LB / ACRE / APPLICATION, AVG, FUNGICIDE,MYCLOBUTANIL,(D),NA,NA,NA,PRESENT,NA,HIGH
2016,WASHINGTON, MEASURED IN LB / ACRE / APPLICATION, AVG, FUNGICIDE,PYRACLOSTROBIN,0.155,NA,NA,NA,NA,SLIGHT,NA
2016,WASHINGTON, MEASURED IN LB / ACRE / APPLICATION, AVG, FUNGICIDE,PYRIMETHANIL,(D),POSSIBLE,POSSIBLE,NA,NA,SLIGHT,MODERATE
2016,WASHINGTON, MEASURED IN LB / ACRE / APPLICATION, AVG, INSECTICIDE,ACETAMIPRID,(D),NA,NA,NA,NA,MODERATE,NA
2016,WASHINGTON, MEASURED IN LB / ACRE / APPLICATION, AVG, INSECTICIDE,BIFENTHRIN,(D),POSSIBLE,POSSIBLE,NA,PRESENT,HIGH,HIGH
2016,WASHINGTON, MEASURED IN LB / ACRE / APPLICATION, AVG, INSECTICIDE,THIAMETHOXAM,(D),NA,NA,NA,NA,HIGH,NA
2016,WASHINGTON, MEASURED IN LB / ACRE / YEAR, AVG, FUNGICIDE,BOSCALID,0.317,POSSIBLE,POSSIBLE,NA,NA,NA,SLIGHT
2016,WASHINGTON, MEASURED IN LB / ACRE / YEAR, AVG, FUNGICIDE,CAPTAN,(D),KNOWN,KNOWN,NA,NA,NA,HIGH
2016,WASHINGTON, MEASURED IN LB / ACRE / YEAR, AVG, FUNGICIDE,CYPRODINIL,(D),NA,NA,NA,NA,NA,NA
2016,WASHINGTON, MEASURED IN LB / ACRE / YEAR, AVG, FUNGICIDE,FENHEXAMID,(D),NA,NA,NA,NA,NA,NA
2016,WASHINGTON, MEASURED IN LB / ACRE / YEAR, AVG, FUNGICIDE,FLUDIOXONIL,(D),NA,NA,NA,NA,SLIGHT,NA
2016,WASHINGTON, MEASURED IN LB / ACRE / YEAR, AVG, FUNGICIDE,IPRODIONE,(D),KNOWN,KNOWN,NA,NA,NA,HIGH
2016,WASHINGTON, MEASURED IN LB / ACRE / YEAR, AVG, FUNGICIDE,MYCLOBUTANIL,(D),NA,NA,NA,PRESENT,NA,HIGH
2016,WASHINGTON, MEASURED IN LB / ACRE / YEAR, AVG, FUNGICIDE,PYRACLOSTROBIN,0.27,NA,NA,NA,NA,SLIGHT,NA
2016,WASHINGTON, MEASURED IN LB / ACRE / YEAR, AVG, FUNGICIDE,PYRIMETHANIL,(D),POSSIBLE,POSSIBLE,NA,NA,SLIGHT,MODERATE
2016,WASHINGTON, MEASURED IN LB / ACRE / YEAR, AVG, INSECTICIDE,ACETAMIPRID,(D),NA,NA,NA,NA,MODERATE,NA
2016,WASHINGTON, MEASURED IN LB / ACRE / YEAR, AVG, INSECTICIDE,BIFENTHRIN,(D),POSSIBLE,POSSIBLE,NA,PRESENT,HIGH,HIGH
2016,WASHINGTON, MEASURED IN LB / ACRE / YEAR, AVG, INSECTICIDE,THIAMETHOXAM,(D),NA,NA,NA,NA,HIGH,NA
2016,WASHINGTON, MEASURED IN NUMBER, AVG, FUNGICIDE,BOSCALID,1.1,POSSIBLE,POSSIBLE,NA,NA,NA,SLIGHT
2016,WASHINGTON, MEASURED IN NUMBER, AVG, FUNGICIDE,CAPTAN,(D),KNOWN,KNOWN,NA,NA,NA,HIGH
2016,WASHINGTON, MEASURED IN NUMBER, AVG, FUNGICIDE,CYPRODINIL,(D),NA,NA,NA,NA,NA,NA
2016,WASHINGTON, MEASURED IN NUMBER, AVG, FUNGICIDE,FENHEXAMID,(D),NA,NA,NA,NA,NA,NA
2016,WASHINGTON, MEASURED IN NUMBER, AVG, FUNGICIDE,FLUDIOXONIL,(D),NA,NA,NA,NA,SLIGHT,NA
2016,WASHINGTON, MEASURED IN NUMBER, AVG, FUNGICIDE,IPRODIONE,(D),KNOWN,KNOWN,NA,NA,NA,HIGH
2016,WASHINGTON, MEASURED IN NUMBER, AVG, FUNGICIDE,MYCLOBUTANIL,(D),NA,NA,NA,PRESENT,NA,HIGH
2016,WASHINGTON, MEASURED IN NUMBER, AVG, FUNGICIDE,PYRACLOSTROBIN,1.7,NA,NA,NA,NA,SLIGHT,NA
2016,WASHINGTON, MEASURED IN NUMBER, AVG, FUNGICIDE,PYRIMETHANIL,(D),POSSIBLE,POSSIBLE,NA,NA,SLIGHT,MODERATE
2016,WASHINGTON, MEASURED IN NUMBER, AVG, INSECTICIDE,ACETAMIPRID,(D),NA,NA,NA,NA,MODERATE,NA
2016,WASHINGTON, MEASURED IN NUMBER, AVG, INSECTICIDE,BIFENTHRIN,(D),POSSIBLE,POSSIBLE,NA,PRESENT,HIGH,HIGH
2016,WASHINGTON, MEASURED IN NUMBER, AVG, INSECTICIDE,THIAMETHOXAM,(D),NA,NA,NA,NA,HIGH,NA
2016,WASHINGTON, MEASURED IN PCT OF AREA BEARING, AVG, FUNGICIDE,BOSCALID,53,POSSIBLE,POSSIBLE,NA,NA,NA,SLIGHT
2016,WASHINGTON, MEASURED IN PCT OF AREA BEARING, AVG, FUNGICIDE,CAPTAN,(D),KNOWN,KNOWN,NA,NA,NA,HIGH
2016,WASHINGTON, MEASURED IN PCT OF AREA BEARING, AVG, FUNGICIDE,CYPRODINIL,(D),NA,NA,NA,NA,NA,NA
2016,WASHINGTON, MEASURED IN PCT OF AREA BEARING, AVG, FUNGICIDE,FENHEXAMID,(D),NA,NA,NA,NA,NA,NA
2016,WASHINGTON, MEASURED IN PCT OF AREA BEARING, AVG, FUNGICIDE,FLUDIOXONIL,(D),NA,NA,NA,NA,SLIGHT,NA
2016,WASHINGTON, MEASURED IN PCT OF AREA BEARING, AVG, FUNGICIDE,IPRODIONE,(D),KNOWN,KNOWN,NA,NA,NA,HIGH
2016,WASHINGTON, MEASURED IN PCT OF AREA BEARING, AVG, FUNGICIDE,MYCLOBUTANIL,(D),NA,NA,NA,PRESENT,NA,HIGH
2016,WASHINGTON, MEASURED IN PCT OF AREA BEARING, AVG, FUNGICIDE,PYRACLOSTROBIN,67,NA,NA,NA,NA,SLIGHT,NA
2016,WASHINGTON, MEASURED IN PCT OF AREA BEARING, AVG, FUNGICIDE,PYRIMETHANIL,(D),POSSIBLE,POSSIBLE,NA,NA,SLIGHT,MODERATE
2016,WASHINGTON, MEASURED IN PCT OF AREA BEARING, AVG, INSECTICIDE,ACETAMIPRID,(D),NA,NA,NA,NA,MODERATE,NA
2016,WASHINGTON, MEASURED IN PCT OF AREA BEARING, AVG, INSECTICIDE,BIFENTHRIN,(D),POSSIBLE,POSSIBLE,NA,PRESENT,HIGH,HIGH
2016,WASHINGTON, MEASURED IN PCT OF AREA BEARING, AVG, INSECTICIDE,THIAMETHOXAM,(D),NA,NA,NA,NA,HIGH,NA
